source,author,upvotes_normalized,leader_name,leader_name_normalized,cluster,mention_text,sentiment_score
im_a_noob_can_you_describe_all_civ_personalities,XxDiCaprioxX,2.47,Washington,Washington,0,"Washington is a dick and likes to denounce and also to backstab, is oretty shit at it tho so usually becomes irrelevant later.",-1
im_a_noob_can_you_describe_all_civ_personalities,XxDiCaprioxX,2.47,Harun,HarunAlRashid,4,"Harun is quite peaceful, but has a tendency to be strong on higher difficulties.",0
im_a_noob_can_you_describe_all_civ_personalities,XxDiCaprioxX,2.47,Ashurbanipal,Ashurbanipal,2,"Ashurbanipal is not that good at keeping up, when you're advancing to mid- and endgame, but throughout he is an annoying warmongerer and is likely to attack you early at least once.",-1
im_a_noob_can_you_describe_all_civ_personalities,XxDiCaprioxX,2.47,Maria Theresia,Maria,0,"Maria Theresia is very laid back and a big non-aggressor. However, she will likely become annoying diplomatically no matter what and her buying city states also sucks.",-1
im_a_noob_can_you_describe_all_civ_personalities,XxDiCaprioxX,2.47,Montezuma,Montezuma,2,Montezuma is a huge warmongerer and if you spawn next to him he will attack you early. He is aggressive and constantly tries to go to war.,-1
im_a_noob_can_you_describe_all_civ_personalities,XxDiCaprioxX,2.47,Nebuchadnezzar,Nebuchadnezzar,4,"Nebuchadnezzar focuses on science and is very good, but not amazing, at it. He is unlikely to declare war on you but will be pissed pretty quickly, so don't expect a great friendship. He often stays strong until the end game and is a serious contender for science victory.",0
im_a_noob_can_you_describe_all_civ_personalities,XxDiCaprioxX,2.47,Pedro,Pedro,4,"Pedro is very loyal and friendly, as long as you do not get any warmonger penalties. As soon as he sees you as a problem, you are instantly his worst enemy basically. He will strongly focus on culture and try to grab all the culture buildings for max tourism.",0
im_a_noob_can_you_describe_all_civ_personalities,XxDiCaprioxX,2.47,Theodora,Theodora,4,Theodora is very neutral in most aspects and won't be able to make good usage of her early unique units because she is more peaceful than war-focused. She will likely spam a fuckton of missionaries your way tho.,0
im_a_noob_can_you_describe_all_civ_personalities,XxDiCaprioxX,2.47,Dido,Dido,2,"Dido is a backstabber throughout the game, however your military is not that amazing usually. She focuses on expansion and getting some troops, usually either losing wars to the ai or teaming up with them to annoy you.",-1
im_a_noob_can_you_describe_all_civ_personalities,XxDiCaprioxX,2.47,Boudicca,Boudicca,2,"Boudicca is pretty loyal as long as you don't get multiple reasons for her to dislike you, then she might become unfriendly again. Also, if your military is week, you might be subject to an early game attack.",0
im_a_noob_can_you_describe_all_civ_personalities,XxDiCaprioxX,2.47,Wu Zetian,WuZetian,4,"Wu Zetian always goes honor and tries to build up a sizeable army with Chu-Ke-Nus(?). If there is a natural wonder close, hurry up or she will claim it faster. Expect her to be guarded quickly, but not an aggressor.",0
im_a_noob_can_you_describe_all_civ_personalities,XxDiCaprioxX,2.47,Harald Bluetooth,Harald,2,"Even on low difficulties, Harald Bluetooth is an arsehole and warmongerer, which only becomes worse on higher ones. He will try to build up a big military and do a mixed land and naval attack if possible. He is, however, not good at science, culture or anything alike so he will become irreleveant over the course of the game.",-1
im_a_noob_can_you_describe_all_civ_personalities,XxDiCaprioxX,2.47,William,William,0,"William is a diplomat, never focusing on anything but trade, agreements, and denouncing those he doesn't like, which might be you. He doesn't really build an army and thus is quite easy to conquer.",0
im_a_noob_can_you_describe_all_civ_personalities,XxDiCaprioxX,2.47,Ramesses,Ramesses,4,"Ramesses likes two things: spamming wonders and sending missionaries. His ability favors the first, too, so if he is in your game, less wonders for you. He won't war you if he isn't certain he'll win, but I'd still watch out he doesn't becone too powerful.",-1
im_a_noob_can_you_describe_all_civ_personalities,XxDiCaprioxX,2.47,Elizabeth,Elizabeth,0,"Elizabeth will build a big navy, but the ai is generally bad at naval warfare, so you should be safe. She always wants to know whether you would be interested in a trade agreement with England. She is reserved and doesn't change her opinion of you quickly, but if it changes, it might stay that way for the whole game.",0
im_a_noob_can_you_describe_all_civ_personalities,XxDiCaprioxX,2.47,Haile Selassie,Selassie,3,"Haile Selassie is often in the middle of the field, not leading in science or dominating with culture but also not falling behind on everything. He is very cocky and will be caught up in wars late game. He is an okay neighbour but chances are, he will get annoyed at everything you do.",0
im_a_noob_can_you_describe_all_civ_personalities,XxDiCaprioxX,2.47,Napoleon,Napoleon,1,"Napoleon is very balanced: He will build a sizeable, but not overly strong military, he might get a few wonders in, he will do some cultural stuff. Overall, France isn't really an outstanding civ so he likely will be on the weaker side.",1
im_a_noob_can_you_describe_all_civ_personalities,XxDiCaprioxX,2.47,Bismarck,Bismark,1,"Bismarck is loyal, unless you directly harm his interests, shich can make him a powerful ally at duo-warring the game leading civ. Aside from that, he will cause diplomatic turmoil so be prepared for that.",0
im_a_noob_can_you_describe_all_civ_personalities,XxDiCaprioxX,2.47,Alexander,Alexander,1,"Alexander is extrenely annoying as he will buy all city states and then declare war on you, no matter what you do.",-1
im_a_noob_can_you_describe_all_civ_personalities,XxDiCaprioxX,2.47,Attila,Attila,2,"Attila is likely to war someone, if you are his neighbour, that someone is you.",-1
im_a_noob_can_you_describe_all_civ_personalities,XxDiCaprioxX,2.47,Pachacuti,Pachacuti,4,"Pachacuti is friendly at first, but he becomes guarded and even hostile fater than many others. He doesn't have any traits that really set him apart, but he likely won't be weak in your games.",0
im_a_noob_can_you_describe_all_civ_personalities,XxDiCaprioxX,2.47,Gandhi,Gandhi,3,"Gandhi loves peace. The only thing Gandhi loves more, is nuking you. This is not just a meme by the way, he literally has a value for that. Anyway, expect him to denounce you for any act of aggression and fall behind late game.",-1
im_a_noob_can_you_describe_all_civ_personalities,XxDiCaprioxX,2.47,Gajah Mada,GajahMada,2,"Gajah Mada is an illoyal missionary spammer, that constantly either wants to war someone together with you or wars you. Avoid him as a friend, pick his enemies over him.",-1
im_a_noob_can_you_describe_all_civ_personalities,XxDiCaprioxX,2.47,Hiawatha,Hiawatha,0,"Hiawatha is peaceful and friendly, loyal and supportive. He will grab a shit ton of land tho, so if he is next to you, you have to settle as fast as you can. He will not build a huge army or go nto aggression at all usually, but the settling will make you aggressive no doubt.",0
im_a_noob_can_you_describe_all_civ_personalities,XxDiCaprioxX,2.47,Oda Nobunaga,OdaNobunaga,1,"Oda Nobunaga will try to go to war and fail miserably, usually. On occasion he might be strong but in 99% of the cases he sucks.",-1
im_a_noob_can_you_describe_all_civ_personalities,XxDiCaprioxX,2.47,Sejong,Sejong,4,"Isolationist science spammer. Sejong focuses on science and often tries to avoid any contact to foreign people. If he is in your game, watch out for him and, if necessary, eliminate him. On the highest difficulties, he is one of the most likely people to steal your victory.",-1
im_a_noob_can_you_describe_all_civ_personalities,XxDiCaprioxX,2.47,Pacal,Pacal,4,"Pacal will build a lot of wonders and send a lot of missionaries your way. He will also hate you for anything you do. Often, war becomes inevitable late game.",-1
im_a_noob_can_you_describe_all_civ_personalities,XxDiCaprioxX,2.47,Gengis Khan,GenghisKhan,2,"Thankfully, the ai doesn't know how to utilize the keshiks, since they are brutal. Gengis Khan alwayas attacks random city states and is moderately successful at it. He is also very loyal unless you do something extremely against his interests multiple times. He often gets rekt by the other ais.",0
im_a_noob_can_you_describe_all_civ_personalities,XxDiCaprioxX,2.47,Ahmad,AhmadalMansur,4,"Ahmad will build a strong economy and try to get petra. He will make use of defensive unitd to protect himself, as he will likely be the defender, not the aggressor in wars. He is diplomatically active and likes to buy city states.",0
im_a_noob_can_you_describe_all_civ_personalities,XxDiCaprioxX,2.47,Suleyman,Suleiman,1,"Suleyman always tries to go to war and makes plans. He builds an army and a navy, but is not good at using either, so he won't develop into a real threat.",0
im_a_noob_can_you_describe_all_civ_personalities,XxDiCaprioxX,2.47,Darius,Darius,4,Darius is good but not great in all aspects and behaves accordingly.,1
im_a_noob_can_you_describe_all_civ_personalities,XxDiCaprioxX,2.47,Casimir,Casimir,0,"Casimir is often focused on building up a land army of winged hussars, which are pretty strong units, and going for the attack on whoever is close to him. Can become really annoying, when he takes over his entire continent and snowballs the game. He is focused on war, diplomatically probably everyone hates him, so don't befriend him, he might backstab you.",-1
im_a_noob_can_you_describe_all_civ_personalities,XxDiCaprioxX,2.47,Kamehameha,Kamehameha,0,"Kamehameha will likely forward-settle you, which is stupid, but otherwise is quite friendly, if he is your neighbour. If he isn't totally overpowering you, he will stay friendly. He might try to get you to war others tho, so you gotta prepare for being asked to join his campaigns constantly.",0
im_a_noob_can_you_describe_all_civ_personalities,XxDiCaprioxX,2.47,Maria,Maria,0,Maria is a stupid bitch. Enough said.,-1
im_a_noob_can_you_describe_all_civ_personalities,XxDiCaprioxX,2.47,Augustus,Augustus,1,"Augustus is good at building a military and will also dedicate some time to get multiple good cities up. Overall, he has a more military focused personality but will try to grab the occasional wonder or city state alliance. He won't get a religion likely. Expect him to fall off after the renaissance.",0
im_a_noob_can_you_describe_all_civ_personalities,XxDiCaprioxX,2.47,Catherine,Catherine,1,Aside from Catherine trying to seduce you she does very well most games. Her bonuses favor her going order and she always does no matter what. She might get a religion. She will build up a respectable army and also try to go hard on resources. Expect her to snowball if she has her own continent to herself.,1
im_a_noob_can_you_describe_all_civ_personalities,XxDiCaprioxX,2.47,Pocatello,Pocatello,0,"Fucking Pocatello. This guy grabs a ton of land, settles cities near you, and grabs even more land. Then, he complains about you settling close to him. The problem is, due to getting this op amount of land, he will also do good in the games and might come in hot for science victory, too.",-1
im_a_noob_can_you_describe_all_civ_personalities,XxDiCaprioxX,2.47,Ramlhamhaeng,Ramkhamhaeng,3,"Ramlhamhaeng will try to ally all city states. He is not very good at anything beside that and his army is usually inferior, but being at war with city states isn't great either I guess. He is unfriendly and will denounce you no matter what. If he is your neighbour, you should eliminate him at some point.",-1
im_a_noob_can_you_describe_all_civ_personalities,XxDiCaprioxX,2.47,Askia,Askia,2,"Askia likes to send missionaries your way like there is no tomorrow. He will be friendly early, but late game he could declare war on you if he sees fit. He might also occasionally terrorize your city states, which is dumb.",-1
im_a_noob_can_you_describe_all_civ_personalities,XxDiCaprioxX,2.47,Isabella,Isabella,2,"Isabella has a very volatile personality, but expect her to be nice enough to you. If she gets a religion and a religious natural wonder, she will be the most annoying christian you have ever seen. She might send out conquistadores to settle in the mid game.",-1
im_a_noob_can_you_describe_all_civ_personalities,XxDiCaprioxX,2.47,Gustavus Adolphus,Gustavus,0,"Gustavus Adolphus someohow always becomes friends with everyone so you have to befriend him, too, even though is a major douchebag. He will try to grow big cities and get a lot of great people. Not really a victory contender, but a pain in the ass nonetheless.",-1
im_a_noob_can_you_describe_all_civ_personalities,XxDiCaprioxX,2.47,Enrico Dandolo,EnricoDandolo,4,"Enrico Dandolo is focused on trading, buying city states and becoming allies with other city states. If he buys cultural city states, it can be very frustrating. Aside from that, he is quite friendly but usually someine will hate him.",0
im_a_noob_can_you_describe_all_civ_personalities,PeanutButter1Butter,1.36,Portugal,MariaI,0,"Some of them I can't personally verify because I usually spawn far away from them, like Portugal.",0
im_a_noob_can_you_describe_all_civ_personalities,PeanutButter1Butter,1.36,Askia,Askia,2,"For example, Askia liking to repeatedly send missionaries or Poland being a warmonger against me.",-1
im_a_noob_can_you_describe_all_civ_personalities,PeanutButter1Butter,1.36,Poland,Casimir,0,"For example, Askia liking to repeatedly send missionaries or Poland being a warmonger against me.",0
im_a_noob_can_you_describe_all_civ_personalities,Robdd123,1.01,Shaka,Shaka,2,"For example on a scale of 1-10 Shaka has an expansion score of 11 (legit) so he'll spam a ton of cities. However he also has one of the highest warmonger flavors so is he a war monger or city spammer? Finally the Warmongers: Shaka, Attila, Caesar, England, Assyria, Japan, Aztec, Mongols, Carthage etc. These civs will hate your guts and will covet your lands immediately upon meeting them.",-1
im_a_noob_can_you_describe_all_civ_personalities,Whotakesmename,0.3,Shaka,Shaka,2,Shaka - He's Shaka,0
most_annoying_civ_in_the_game,KalegNar,2.52,Alexander the Great,Alexander,1,"The first couple times I saw him, he was a minor power without any capability compared to the other countries. Then I met him on turn 3 or so. Right after that, Alexander attacked, rushing me with hoplites and companion cavalry. He also had to ally with the city-state to my capital's immediate West, destroying my trade route and harrassing that front while he came from the East. Then, despite the very clear natural borders of our regions, he sends a settler over on my side of the landbridge.",-1
most_annoying_civ_in_the_game,[deleted],1.36,Alexander,Alexander,1,"When the world Congress rolls around, he usually has enough CS allies to unilaterally bully anybody he likes. If you're doing well for yourself, he *will* single you out. He'll embargo you. Ban your main cash crop. Vote for arts funding when you need science. But when *one guy* can fuck you over so easily, it's just so annoying. This has led me to always attempt to exterminate Alexander before the world congress, diplomatic penalties be damned.",-1
most_annoying_civ_in_the_game,Crit-Monkey,1.19,Alexander,Alexander,1,Alexander is the reason I play with diplomatic victory disabled,-1
most_annoying_civ_in_the_game,Muffjuggler1295,2.07,Shaka,Shaka,2,Shaka. If he's nearby.,-1
most_annoying_civ_in_the_game,Muffjuggler1295,2.07,Ethiopia,Selassie,3,Otherwise maybe Ethiopia.,0
most_annoying_civ_in_the_game,2woke4ufgt,1.36,Shaka,Shaka,2,At least Shaka will give you lots of great general points and unit experience.,1
most_annoying_civ_in_the_game,Doctor_Croc,1.59,Haile Selassie,Selassie,3,"I honestly hate playing against Ethiopia, Haile Selassie's AI is so annoying. Spams missionaries and prophets nonstop, always covetous of your wonders, just generally really pissy if you do anything aside from peacefully turtling all game.",-1
most_annoying_civ_in_the_game,hawkseye17,1.9,Hiawatha,Hiawatha,0,Hiawatha due to city spam,-1
most_annoying_civ_in_the_game,hawkseye17,1.9,Ramkhamhaeng,Ramkhamhaeng,3,Ramkhamhaeng as a close second due to constantly spying on me,-1
most_annoying_civ_in_the_game,RedBaronKaren,1.82,Alexander,Alexander,1,Every time I see one of these it's amazing just watching everyone agree that Alexander is a giant fucking douche.,-1
most_annoying_civ_in_the_game,Robdd123,1.75,Dido,Dido,2,"Dido is super annoying if she's close; I don't know what the programmers did to her AI but it's completely unhinged. She'll declare war, then ask for friendship, backstab you and then denounce you.",-1
most_annoying_civ_in_the_game,Robdd123,1.75,Hiawatha,Hiawatha,0,"Out of that list hiawatha is definitely the most annoying. Hiawatha spams everywhere, any available piece of land is fair game. Then you have to go through about 6 of his crappy cities just to get to his capital and since they're all so close two cities can bombard your units at once.",-1
most_annoying_civ_in_the_game,Robdd123,1.75,Boudicca,Boudicca,2,Boudicca usually gets beat up on by other civs after the early game and Ethiopia usually just tries to turtle.,0
most_annoying_civ_in_the_game,Robdd123,1.75,Ethiopia,Selassie,3,Boudicca usually gets beat up on by other civs after the early game and Ethiopia usually just tries to turtle.,0
most_annoying_civ_in_the_game,Robdd123,1.75,Korea,Sejong,4,Korea is major threat rather than an annoyance.,0
most_annoying_civ_in_the_game,Robdd123,1.75,Alex,Alexander,1,Greece is that odd combination of being a major threat and being a major annoyance at the same time. Alex can completely spiral out of control past the mid game but his tendency to hog all of the city states makes things very annoying going into the world congress and just trying to get more allies for yourself.,-1
most_annoying_civ_in_the_game,Robdd123,1.75,Venice,EnricoDandolo,4,One other honorable mention is Venice simply because once they buy a city state it's lost forever; even if you take the city you can't ever liberate. This is especially annoying when it's a mercantile city state where you're also losing their unique luxury.,-1
most_annoying_civ_in_the_game,XxDiCaprioxX,0.71,Dido,Dido,2,"She was currently trying to get me to declare war on someone with her while being friends with that person at the same time, then get hammered and make peace, then bully my city states, then declare war on me, lose, make peace and denounce me. Was a pleasure to finally take her out.",-1
most_annoying_civ_in_the_game,KrandoxReddit,1.59,Hiawatha,Hiawatha,0,Hiawatha spams cities everywhere,-1
most_annoying_civ_in_the_game,KrandoxReddit,1.59,Boudicca,Boudicca,2,"Boudicca spams missionaries everywhere, Haile Selassie is like Boudicca but a bit less annoying",-1
most_annoying_civ_in_the_game,KrandoxReddit,1.59,Ramkhamhaeng,Ramkhamhaeng,3,Ramkhamhaeng is just a bitch,-1
most_annoying_civ_in_the_game,KrandoxReddit,1.59,Haile Selassie,Selassie,3,Haile Selassie is like Boudicca but a bit less annoying,0
most_annoying_civ_in_the_game,KrandoxReddit,1.59,Korea,Sejong,4,Korea aint much of a problem most of the time tbh,1
most_annoying_civ_in_the_game,[deleted],1.07,Korea,Sejong,4,"Usually two things happen to Korea - he either gets taken out by a warmonger, or he becomes a monster in the late game. If Korea is your neighbor I'd kill him with xBows, because in the late game he goes crazy with science and his personality turns into that of Shaka's.",-1
most_annoying_civ_in_the_game,[deleted],1.07,Shaka,Shaka,2,in the late game he goes crazy with science and his personality turns into that of Shaka's.,-1
most_annoying_civ_in_the_game,flyfire2002,1.36,Greece,Alexander,1,"Greece, good luck being their neighbors, not to mention the city state snatching.",-1
most_annoying_civ_in_the_game,flyfire2002,1.36,Inca,Pachacuti,4,"Inca, somehow if they are not properly checked, can get super scary with both high tech (war tech, not even necessarily a cultural rush) and tourism",-1
most_annoying_civ_in_the_game,2woke4ufgt,1.36,Haile Selassie,Selassie,3,For me it's Haile Selassie. I'm pretty sure he's been in 11 of the last 12 games I've played and he ALWAYS ruins my Religious Community in the late game with his shitty religion.,-1
most_annoying_civ_in_the_game,wyvernzu1,1.28,The Netherlands,William,0,The Netherlands was voted as one of the 7 best AIs to have in a game pursuing science victory on Deity.,1
most_annoying_civ_in_the_game,wyvernzu1,1.28,Arabia,HarunAlRashid,4,Arabia was voted as one of the 7 best AIs to have in a game pursuing science victory on Deity.,1
most_annoying_civ_in_the_game,wyvernzu1,1.28,Morocco,AhmadalMansur,4,Morocco was voted as one of the 7 best AIs to have in a game pursuing science victory on Deity.,1
most_annoying_civ_in_the_game,wyvernzu1,1.28,Sweden,Gustavus,0,Sweden was voted as one of the 7 best AIs to have in a game pursuing science victory on Deity.,1
most_annoying_civ_in_the_game,wyvernzu1,1.28,Ethiopia,Selassie,3,Ethiopia was voted as one of the 7 best AIs to have in a game pursuing science victory on Deity.,1
most_annoying_civ_in_the_game,wyvernzu1,1.28,The Maya,Pacal,4,The Maya was voted as one of the 7 best AIs to have in a game pursuing science victory on Deity.,1
most_annoying_civ_in_the_game,wyvernzu1,1.28,Brazil,Pedro,4,Brazil was voted as one of the 7 best AIs to have in a game pursuing science victory on Deity.,1
most_annoying_civ_in_the_game,wyvernzu1,1.28,The Zulu,Shaka,2,The Zulu was voted as one of the 7 worst AIs to have in a game pursuing science victory on Deity.,-1
most_annoying_civ_in_the_game,wyvernzu1,1.28,Greece,Alexander,1,Greece was voted as one of the 7 worst AIs to have in a game pursuing science victory on Deity.,-1
most_annoying_civ_in_the_game,wyvernzu1,1.28,The Iroquois,Hiawatha,0,The Iroquois was voted as one of the 7 worst AIs to have in a game pursuing science victory on Deity.,-1
most_annoying_civ_in_the_game,wyvernzu1,1.28,England,Elizabeth,0,England was voted as one of the 7 worst AIs to have in a game pursuing science victory on Deity.,-1
most_annoying_civ_in_the_game,wyvernzu1,1.28,The Shoshone,Pocatello,0,The Shoshone was voted as one of the 7 worst AIs to have in a game pursuing science victory on Deity.,-1
most_annoying_civ_in_the_game,wyvernzu1,1.28,Polynesia,Kamehameha,0,Polynesia was voted as one of the 7 worst AIs to have in a game pursuing science victory on Deity.,-1
most_annoying_civ_in_the_game,wyvernzu1,1.28,Venice,EnricoDandolo,4,Venice was voted as one of the 7 worst AIs to have in a game pursuing science victory on Deity.,-1
most_annoying_civ_in_the_game,DebilWG,1.28,Attila,Attila,2,"Attila. If you dont restart right away, he ruins your whole early game, you need to build army instead of infrastructure, workers or wonders or else you get early rushed. If you survive his early gane attacks you have been left behind by other civs and Attila forward settles you 24/7. You still need to build army because he WILL attack you atleast once in 25 turns throughout the whole game and then makes peace and repeat after another 25 turns.",-1
most_annoying_civ_in_the_game,civnub,1.07,Attila the hun,Attila,2,Attila the hun : Other civs expanding/teching up/getting religion/wonders/trade? Nope you have to spend 5000 production on an army and get ready for those rams and donkey archers. Having him as a neighbor is like sitting on a thorn.,-1
most_annoying_civ_in_the_game,CMDR_black_vegetable,0.92,Maya,Pacal,4,"They have a bias to going theology, so he usually builds the religious wonders that I also want, and on the way there he steals Oracle as well. Sometimes goes tradition and spams the rest of the wonders as well. Only acceptable as a direct neighbour, since he is quite peaceful so it's relatively easy to steal his workers and his settlers.",-1
most_annoying_civ_in_the_game,White_Lord,1.28,Alexander,Alexander,1,How can you do a survey like this without Alexander? Never met him?,0
most_annoying_civ_in_the_game,Chisco202,0.71,George Washington,Washington,0,Fucking George Washington.,-1
most_annoying_civ_in_the_game,Rameon_Dryan716,0.71,Ghengis khan,GenghisKhan,2,"I hate Ghengis khan, dude kept spying and getting caught every turn on the longest mode and I couldn't declare war and take his only city because he already went for a peace treaty because I couldn't take his capital atm after I lost everything taking his fountain of youth city.",-1
most_annoying_civ_in_the_game,[deleted],0.92,Genghis,GenghisKhan,2,What I hate the most about Genghis is his propensity to kill your neighbor cultural city state. But he's not completely bad to have because he's a good target for denouncing to get everyone else to like you (because of his propensity to kill CS),0
most_annoying_civ_in_the_game,Rameon_Dryan716,0.36,Askia,Askia,2,"True, and that was a problem I had with Askia because he can't conquer anyone other than city-states so he just attacks all my friends because he is too far for me to amass my troops without another country trying to sneak up on me",-1
most_annoying_civ_in_the_game,[deleted],0.92,Askia,Askia,2,"Askia I've noticed likes to warmonger early and go diplo late game. He, like Korea in my experience is usually boom or bust - he's either the biggest threat to win the game or he gets destroyed and becomes irrelevant",0
most_annoying_civ_in_the_game,[deleted],0.92,Korea,Sejong,4,"He, like Korea in my experience is usually boom or bust - he's either the biggest threat to win the game or he gets destroyed and becomes irrelevant",0
most_annoying_civ_in_the_game,[deleted],0.71,Indonesia,GajahMada,2,"INDONESIA. Punchable face, and a deceptive warmonger who hates warmongers. The Civ 5 AI equivalent of a NiceGuyTM.",-1
most_annoying_civ_in_the_game,[deleted],0.71,Oda,OdaNobunaga,1,Close 2nd is Oda - he's just a plain psychopath - imo he's even harder to deal with than Shaka or Atilla,-1
most_annoying_civ_in_the_game,[deleted],0.71,Shaka,Shaka,2,imo he's even harder to deal with than Shaka or Atilla,-1
most_annoying_civ_in_the_game,[deleted],0.71,Atilla,Attila,2,imo he's even harder to deal with than Shaka or Atilla,-1
most_annoying_civ_in_the_game,jorgepinata,0.71,Pocatello,Pocatello,0,"Personality-wise, he's a bro, and while I love having him in a game, if he's my closest neighbor I will reroll. Especially on Deity, his UA eats up so much territory before I can even think about making a settler that the game is often over before it begins.",-1
most_annoying_civ_in_the_game,2woke4ufgt,0.71,Pocatello,Pocatello,0,One time I played as Venice and Pocatello's second settler (on diety) stole all my workable tiles on turn 3.,-1
most_annoying_civ_in_the_game,[deleted],0.71,Alexander,Alexander,1,Alexander no doubt. Either fucks you through diplomacy or just takes up your civ allies or takes you,-1
most_annoying_civ_in_the_game,ruiluth,0.71,Isabella,Isabella,2,Isabella is always backstabbing me and getting pissy about religion.,-1
most_annoying_civ_in_the_game,Tripredacus-Agent,0.71,France,Napoleon,1,"Every time I am playing a game where I am not going to be paying attention to military, and not playing as France, there is France, first civ I meet! And some time later he has musketeers and says my army is a little weak.",-1
most_annoying_civ_in_the_game,CertifiedBreads,0.36,Ramkhamhaeng,Ramkhamhaeng,3,"Ramkanghang will march an army of prophets into your lands and convert all your cities even after him agreeing not to, the only way to deal with him is total annihilation",-1
most_annoying_civ_in_the_game,G3llade,0.36,Genghis Khan,GenghisKhan,2,"Genghis Khan, Ashurbanipal, Maria Theresa. These motherfuckers are always on my game",-1
most_annoying_civ_in_the_game,G3llade,0.36,Ashurbanipal,Ashurbanipal,2,"Ashurbanipal, Maria Theresa. These motherfuckers are always on my game, especially Ashurbanipal.",-1
most_annoying_civ_in_the_game,G3llade,0.36,Maria Theresa,Maria,0,Maria Theresa. These motherfuckers are always on my game. Today in an emperor game Austria decided to marry with like 4 city states.,-1
most_annoying_civ_in_the_game,SaveEmailB4Logout,0.36,Isabella,Isabella,2,"She doesn't spam prophets or missionaries if you don't spam yours so you only need to balance her natural pressure against your own and that's that, unlike Isabella or Theodora.",1
most_annoying_civ_in_the_game,SaveEmailB4Logout,0.36,Theodora,Theodora,4,"She doesn't spam prophets or missionaries if you don't spam yours so you only need to balance her natural pressure against your own and that's that, unlike Isabella or Theodora. Basically, she is programmed to not step on your toes if you don't step on hers but unlike Theodora or Napoleon she won't forgive you if you do.",1
most_annoying_civ_in_the_game,SaveEmailB4Logout,0.36,Napoleon,Napoleon,1,"Basically, she is programmed to not step on your toes if you don't step on hers but unlike Theodora or Napoleon she won't forgive you if you do.",0
which_ai_leaders_do_you_like_and_hate,matthkamis,2.5,Alexander,Alexander,1,Alexander. Always Alexander.,-1
which_ai_leaders_do_you_like_and_hate,ngshafer,2.31,Enrico Dandolo,EnricoDandolo,4,If Enrico Dandolo is on the planet ... He ... Will ... DIE!,-1
which_ai_leaders_do_you_like_and_hate,Chookity-poks,1.48,Maria Theresa,Maria,0,"She and also Maria Theresa of Austria. NO ONE is allowed to F*** with my city-state boys, NO ONE!",-1
which_ai_leaders_do_you_like_and_hate,Chintek45,1.66,Pedro,Pedro,4,Pedro. He'll never go to war with you and will always be chill and friendly with you as long as you're not a warmonger.,1
which_ai_leaders_do_you_like_and_hate,Chintek45,1.66,Gandhi,Gandhi,3,Gandhi. Also chill and almost always friendly. Never had any issues with him.,1
which_ai_leaders_do_you_like_and_hate,Chintek45,1.66,Ahmad al-Mansour,AhmadalMansur,4,"Ahmad al-Mansour. Pretty chill and peaceful guy, never had any issues with him.",1
which_ai_leaders_do_you_like_and_hate,Chintek45,1.66,Enrico Dandolo,EnricoDandolo,4,"Enrico Dandolo. Buys every city-state in the vicinity and constantly spams Missionaries. If Venice could settle more than one city, they'd be the most annoying civ in the game.",-1
which_ai_leaders_do_you_like_and_hate,Chintek45,1.66,Alexander,Alexander,1,"Alexander. Spams cities and always forward-settles you, then steals all of your city-state allies. He will also absolutely go to war with you if he perceives you as weak.",-1
which_ai_leaders_do_you_like_and_hate,Chintek45,1.66,Haile Selassie,Selassie,3,"Haile Selassie, who immediately maxes out Piety and spends the rest of the game spamming Missionaries and Great Prophets. If he's in the game, he's high on my kill list.",-1
which_ai_leaders_do_you_like_and_hate,Chintek45,1.66,Hiawatha,Hiawatha,0,"Hiawatha, for obvious reasons.",-1
which_ai_leaders_do_you_like_and_hate,Chintek45,1.66,Harun al-Rashid,HarunAlRashid,4,"Harun al-Rashid, Casimir and Catherine for their city spam (though nowhere near the level of Hiawatha).",-1
which_ai_leaders_do_you_like_and_hate,Chintek45,1.66,Casimir,Casimir,0,"Harun al-Rashid, Casimir and Catherine for their city spam (though nowhere near the level of Hiawatha).",-1
which_ai_leaders_do_you_like_and_hate,Chintek45,1.66,Catherine,Catherine,1,"Harun al-Rashid, Casimir and Catherine for their city spam (though nowhere near the level of Hiawatha).",-1
which_ai_leaders_do_you_like_and_hate,Chintek45,1.66,Washington,Washington,0,"Washington. Normally chill and friendly, but is a backstabbing turncoat who will absolutely go to war with you if you're weaker than him.",-1
which_ai_leaders_do_you_like_and_hate,Gibs960,1.38,Ghandi,Gandhi,3,"Ghandi. It goes back to a feud years ago. They were one side of the Germans, and I was the other. They asked if I'd go to war with them against Germany. They didn't send a single unit, and the Germans managed to take two of my cities.",-1
which_ai_leaders_do_you_like_and_hate,Experimentzz,1.07,Suleiman,Suleiman,1,That's me with Suleiman. Literally a decade old feud at this point but him and I were friends all throughout the game. He helped me fight off France and was the game bully but he and I were tight. Then randomly backstabbed me around industrial era and I have yet to let it go. I now go out of my way to wipe him out much like everyone here does to Alexander.,-1
which_ai_leaders_do_you_like_and_hate,Experimentzz,1.07,Alexander,Alexander,1,I now go out of my way to wipe him out much like everyone here does to Alexander.,-1
which_ai_leaders_do_you_like_and_hate,Bicepticlops,1.48,Alexander,Alexander,1,"Alexander IMMEDIATELY denounced me upon meeting and was hostile the entire game, declaring war nonstop.",-1
which_ai_leaders_do_you_like_and_hate,Voffmjau,1.48,Alexander,Alexander,1,Alexander. If I spawned next to him and dont have a godlike start Im just quitting.,-1
which_ai_leaders_do_you_like_and_hate,christine-bitg,1.48,Alexander,Alexander,1,"Alexander makes life difficult by taking control of the city states, then making game harder and harder via votes in the world congress.",-1
which_ai_leaders_do_you_like_and_hate,christine-bitg,1.48,Montezuma,Montezuma,2,Montezuma is forever aggressive.,-1
which_ai_leaders_do_you_like_and_hate,christine-bitg,1.48,the Zulus,Shaka,2,the Zulus are too [aggressive].,-1
which_ai_leaders_do_you_like_and_hate,treecfc,0.83,Dido,Dido,2,"I hate Dido, every game she's backstabbing someone",-1
which_ai_leaders_do_you_like_and_hate,KeyDrive0,0.83,Hiawatha,Hiawatha,0,Immediately I thought of Hiawatha and Alexander as well.,0
which_ai_leaders_do_you_like_and_hate,KeyDrive0,0.83,Alexander,Alexander,1,"Alex is the worst bc he's not *just* expansionist, he'll send settlers around the world and pass over all kinds of prime real estate just to settle right next to you.",-1
which_ai_leaders_do_you_like_and_hate,KeyDrive0,0.83,Venice,EnricoDandolo,4,"I also despise Venice, there Merchant is bullshit. It's infuriating when I spend however long cultivating a neighboring CS ally, get complacent, and out of nowhere they're purple and can't be liberated. I've had games go awry bc I carefully geared up for war with somebody else only to spot a Merchant waltzing into my ally's territory; had to declare war on Venice just to chase him away and put everything on hold.",-1
which_ai_leaders_do_you_like_and_hate,LinuxAmbassador,0.83,Shaka,Shaka,2,"Shaka is my favorite! Everyone is dogging on Hiawatha for expansion but Shaka Zulu not only has the highest expansion stat in the game, he's the only leader to have a stat above 10 and it's for his expansion. He's also got the highest loyalty stat, tied for highest war stat, tied for highest denounce willingness, and has the lowest fear stat and lowest deceptive stat. Shaka Zulu is a very extreme warmonger but I love that bold, extreme, straightforward villain aura he gives off. If he's your problem he will be very straightforward about taking over your lands, and if you manage to befriend him you have an army and a friend for life.",1
which_ai_leaders_do_you_like_and_hate,LinuxAmbassador,0.83,Hiawatha,Hiawatha,0,"Everyone is dogging on Hiawatha for expansion but Shaka Zulu not only has the highest expansion stat in the game, he's the only leader to have a stat above 10 and it's for his expansion.",0
which_ai_leaders_do_you_like_and_hate,LinuxAmbassador,0.83,Gustavus Adolphus,Gustavus,0,Least favorite would have to be Gustavus Adolphus. As a playable civ I feel like Sweden is the absolute worst and as an AI opponent I don't think I've ever had a game where Gustavus did anything noteworthy. He usually over expands and gets clobbered by whatever neighbor is next to him.,-1
which_ai_leaders_do_you_like_and_hate,OC_01301994,0.83,Nobunaga,OdaNobunaga,1,I like Nobunaga because I won my first game with him via domination.,1
which_ai_leaders_do_you_like_and_hate,OC_01301994,0.83,Askia,Askia,2,I dislike Askia. AI declared war seemingly out of nowhere after I opened my borders to him.,-1
which_ai_leaders_do_you_like_and_hate,Medium-Perspective43,0.83,Boudicca,Boudicca,2,"Boudicca is also among my more hated civs, expansionist, agressive. Spams missionaries and for some reason makes it into all of my games",-1
which_ai_leaders_do_you_like_and_hate,Sniyarki,0.83,Alexander,Alexander,1,Alexander and Siam are the biggest c*nts in the game.,-1
which_ai_leaders_do_you_like_and_hate,Sniyarki,0.83,Siam,Ramkhamhaeng,3,Alexander and Siam are the biggest c*nts in the game.,-1
which_ai_leaders_do_you_like_and_hate,Tricky_Rate7883,0.41,Shaka,Shaka,2,Shaka will become the most loyal person ever if you can do it. Getting him to become loyal is the hard part,0
which_ai_leaders_do_you_like_and_hate,Pixielized,0.41,Montezuma,Montezuma,2,if Montezuma walked past me on the street I would murder him and no cop would convict me,-1
which_ai_leaders_do_you_like_and_hate,Traditional_Loan_177,0.41,Austria,Maria,0,Me - Austria,0
which_ai_leaders_do_you_like_and_hate,Traditional_Loan_177,0.41,Sweden,Gustavus,0,Love - Sweden,1
which_ai_leaders_do_you_like_and_hate,Traditional_Loan_177,0.41,Venice,EnricoDandolo,4,Hate - Venice,-1
which_ai_leaders_do_you_like_and_hate,Cuavooo,0.41,Arabia,HarunAlRashid,4,I really hate going up against Arabia. I have two straight games now that had them doing well. They always weasel into finding allies and denounce me to death. He forces his religion too which I always hate.,-1
which_ai_leaders_do_you_like_and_hate,Cuavooo,0.41,Mongolia,GenghisKhan,2,"As for the other, I always love Mongolia. Though it's only when they're obviously behind. They're staunch allies and are pretty loyal too",1
which_ai_leaders_do_you_like_and_hate,RedEyeBlueOcean,0.41,Harun al-Rashid,HarunAlRashid,4,"Arabia was going to beat me to a diplomatic victory but I luckily had enough gold to buy hydro plant, allowing me to beat him through a science victory by one turn. People rank Harun al-Rashid low as a threat but in my experience, Arabia is one of the top tier leaders that I distrust and are a huge threat.",0
which_ai_leaders_do_you_like_and_hate,RedEyeBlueOcean,0.41,Genghis,GenghisKhan,2,"As for Mongolia, Genghis is a loyal friend but only if you aren't neighbors. Once you and him become neighbors, he will stop befriending you and you'll have to face a large war against him.",0
who_is_the_most_warmonger_civ_leader,firsttimegaren,2.71,Alexander the Great,Alexander,1,I literally cant remember a game where Alexander the Great didnt declare war on me.,-1
who_is_the_most_warmonger_civ_leader,lad1dad1,0.89,genghis khan,GenghisKhan,2,I remember one game we unfortunately settled close to each other and it was one of my first games so I let it be but he kept declaring war every what felt like 100 years until I finally completely put him out and have promised myself to always do this if he spawns in my games.,-1
who_is_the_most_warmonger_civ_leader,hurricane1613286,0.69,Genghis,GenghisKhan,2,"I thought I could trust gengis in starfield, freed him from prison, he immediately turned to piracy. Fuck genghis in any iteration of any game.",-1
who_is_the_most_warmonger_civ_leader,Southern_Source_2580,2.29,Shaka,Shaka,2,I go out of my way to buddy up with shaka if he's my neighbor. One time shaka saved my butt when Alexander came for me. He may be a warmongerer but he's my homie.,1
who_is_the_most_warmonger_civ_leader,Southern_Source_2580,2.29,Alexander,Alexander,1,One time shaka saved my butt when Alexander came for me.,1
who_is_the_most_warmonger_civ_leader,sesaman,1.14,Shaka,Shaka,2,"I try to crush Shaka asap if he's my neighbor, before he has a chance to get to those impis.",-1
who_is_the_most_warmonger_civ_leader,_Ungespuelt_,1.03,Shaka,Shaka,2,Out of interest: is Shaka a loyal AI or not?,0
who_is_the_most_warmonger_civ_leader,_Ungespuelt_,1.03,Alexander,Alexander,1,"Because someone like Alexander will just backstab you at any moment, so I don't even bother befriending him.",-1
who_is_the_most_warmonger_civ_leader,Southern_Source_2580,1.37,Shaka,Shaka,2,I think someone mentioned that shaka has THE highest loyalty stat in the game. So no wonder my efforts have never been in vain with him lol.,1
who_is_the_most_warmonger_civ_leader,Rico_Rebelde,1.03,Alexander,Alexander,1,Alexander has a Loyalty and Deceptiveness of 4. Slightly below average for both.,0
who_is_the_most_warmonger_civ_leader,Rico_Rebelde,1.03,Shaka,Shaka,2,Shaka has a very high loyalty of 8 and a very low deceptiveness of 2,1
who_is_the_most_warmonger_civ_leader,Xaphe,0.34,Shaka,Shaka,2,Shaka is very loyal and makes for a great friend. I have played games where even competing ideologies didn't dent our friendship.,1
who_is_the_most_warmonger_civ_leader,Forsaken_Mousse5271,1.99,atilla,Attila,2,"atilla hates everyone and cant be friends with anyone, war with him is always guaranteed if you are his neighbour no matter what you do pretty much. but despite this shaka is more dangerous bc if you *are* at war, atilla is a complete coward, he will fight you for a few turns then you can easily sue for peace after you kill some of his units. while a war with atilla is usually only 15 or so turns tops",-1
who_is_the_most_warmonger_civ_leader,Forsaken_Mousse5271,1.99,shaka,Shaka,2,"shaka can actually be your friend in some circumstances and can be extremely loyal, in fact he is one of if not the most loyal ai in the game, he will never cross you as long as you don't cross him in the event that you manage to befriend him. but shaka is like the t-1000 from the second terminator movie and will chase you to the ends of the earth, i've had wars with shaka that lasted multiple eras and completely wasted my game",0
who_is_the_most_warmonger_civ_leader,poesviertwintig,1.43,Shaka,Shaka,2,Having Shaka on the other side of the world is amazing if you're going for domination. You'll have at least one buddy to trade and join wars with.,1
who_is_the_most_warmonger_civ_leader,ZhouDa,0.34,Atilla,Attila,2,"I just play a game with Atilla as neighbor on a terra map where I must of fought a half dozen waves from Atilla while he demanded I hand over 2-3 cities to him for peace. Even taking a couple of cities from Atilla, he wouldn't give me better than even peace terms. Finally when I took his capital with his other neighbors conquering the rest of the empire Atilla finally broke and offered me two of his last three cities for peace.",-1
who_is_the_most_warmonger_civ_leader,EfficiencySlight8845,1.85,Shaka,Shaka,2,"When Shaka starts attacking you, he does not back off. He'll keep at it for a long time.",-1
who_is_the_most_warmonger_civ_leader,neon_trotsky_,0.34,the maya,Pacal,4,"I had captured the capital of the maya and she wanted to peace out so I was like, fine don't want to many grievances anyway. Then this idiot declared an emergency on me, it passed and we were back at it 2 turns later even tho half her army was toast. Suffice to say, she did not get her capital back.",-1
who_is_the_most_warmonger_civ_leader,Droo04_C,0.69,Pacal,Pacal,4,Civ V maya is Pacal,0
who_is_the_most_warmonger_civ_leader,Due_Leather1771,1.75,Shaka,Shaka,2,In every game I've played with Shaka in it he has been my ally so I'm shocked that he's leading the poll 😂 honestly I've had good relations with every war mongering civ,1
who_is_the_most_warmonger_civ_leader,Due_Leather1771,1.75,Sweden,Gustavus,0,it's always the culture civs like Sweden or France that try to go to war against me,-1
who_is_the_most_warmonger_civ_leader,Due_Leather1771,1.75,France,Napoleon,1,it's always the culture civs like Sweden or France that try to go to war against me,-1
who_is_the_most_warmonger_civ_leader,Jefrejtor,0.69,Napoleon,Napoleon,1,"My last game, Napoleon legit declared war on every single civ he was neighboured with (not all at once lol).",-1
who_is_the_most_warmonger_civ_leader,Rofdo,1.68,Attila,Attila,2,"According to https://civdata.com/ Attila, Ashurbanipal, Montezuma, Shaka and Napoleon each have the highest ""war"" diplomacy bias of 8.",0
who_is_the_most_warmonger_civ_leader,Rofdo,1.68,Ashurbanipal,Ashurbanipal,2,"According to https://civdata.com/ Attila, Ashurbanipal, Montezuma, Shaka and Napoleon each have the highest ""war"" diplomacy bias of 8.",0
who_is_the_most_warmonger_civ_leader,Rofdo,1.68,Montezuma,Montezuma,2,"According to https://civdata.com/ Attila, Ashurbanipal, Montezuma, Shaka and Napoleon each have the highest ""war"" diplomacy bias of 8.",0
who_is_the_most_warmonger_civ_leader,Rofdo,1.68,Shaka,Shaka,2,"According to https://civdata.com/ Attila, Ashurbanipal, Montezuma, Shaka and Napoleon each have the highest ""war"" diplomacy bias of 8. Shaka has the by far highest ""expansion"" bias out of all of the Ai with an incredible value of 11.",0
who_is_the_most_warmonger_civ_leader,Rofdo,1.68,Napoleon,Napoleon,1,"According to https://civdata.com/ Attila, Ashurbanipal, Montezuma, Shaka and Napoleon each have the highest ""war"" diplomacy bias of 8.",0
who_is_the_most_warmonger_civ_leader,Sambikes1,0.69,Montezuma,Montezuma,2,I have never not had montezuma declare war on me,-1
who_is_the_most_warmonger_civ_leader,MeadKing,1.53,Genghis Khan,GenghisKhan,2,"Genghis is such a warmonger, he can't help himself from gobbling up City States. This inevitably leads to his denouncement by the other AIs, eventually getting crushed by a coallition of leaders that will embargo his ass back to the stone ages. Genghis is the only one who will consistently shoot himself in the foot by ruining all relationships over the capture of City States.",-1
who_is_the_most_warmonger_civ_leader,sesaman,1.14,Gandhi,Gandhi,3,Gandhi dies or is crushed so bad he's never going to become a threat before ever reaching the renaissance era since he's such a push over. Literally the least threatening civ that never gets to drop nukes. 3387 hours in Civ V and never seen Gandhi drop a nuke.,0
who_is_the_most_warmonger_civ_leader,amenoniwa,1.14,Shaka,Shaka,2,Shaka is warmonger but too warmonger not to be bribed by player to attack another AI.,-1
who_is_the_most_warmonger_civ_leader,amenoniwa,1.14,Suleiman,Suleiman,1,"Suleiman and Nobunaga can't be bribed too easily, like forward settling. So I voted for Suleiman.",1
who_is_the_most_warmonger_civ_leader,amenoniwa,1.14,Nobunaga,OdaNobunaga,1,"Suleiman and Nobunaga can't be bribed too easily, like forward settling.",-1
who_is_the_most_warmonger_civ_leader,WC-BucsFan,1.03,Napoleon,Napoleon,1,Napoleon. Dude attacks me every time.,-1
who_is_the_most_warmonger_civ_leader,Prithvishivprasad,0.69,Napoleon,Napoleon,1,I think he should be rechristened as dickpolean. He's number two after Shaka in terms of being a warmonger.,-1
who_is_the_most_warmonger_civ_leader,Prithvishivprasad,0.69,Shaka,Shaka,2,He's number two after Shaka in terms of being a warmonger.,-1
who_is_the_most_warmonger_civ_leader,CillaCD,0.89,Shaka,Shaka,2,"Shaka scored really high in loyalty (less likely to backstab). So the next time I was on a map with him, I tried befriending him asap. He didn't attack me before we picked different ideologi.",1
who_is_the_most_warmonger_civ_leader,CillaCD,0.89,Atilla,Attila,2,Atilla is the worst. He will declare war even if you have a declaration of friendship.,-1
who_is_the_most_warmonger_civ_leader,Vhal14,0.89,Suleiman,Suleiman,1,Among these people the least warmongering would be Suleiman and Bismarck based on my experience.,1
who_is_the_most_warmonger_civ_leader,Vhal14,0.89,Bismarck,Bismark,1,Among these people the least warmongering would be Suleiman and Bismarck based on my experience.,1
who_is_the_most_warmonger_civ_leader,Vhal14,0.89,Genghis,GenghisKhan,2,Genghis will always want to conquer city states.,0
who_is_the_most_warmonger_civ_leader,Vhal14,0.89,Nobunaga,OdaNobunaga,1,Nobunaga is mild warmonger.,0
who_is_the_most_warmonger_civ_leader,Vhal14,0.89,Attila,Attila,2,"Attila, not much experience fighting him but he's almost always on war.",0
who_is_the_most_warmonger_civ_leader,Vhal14,0.89,Shaka,Shaka,2,Shaka would be my bet to be most warmongering. He's always at war with somebody when he got his Impi carpet.,0
who_is_the_most_warmonger_civ_leader,Vhal14,0.89,Montezuma,Montezuma,2,Where's Montezuma tho? He's on par with Shaka on warmongering for me.,-1
who_is_the_most_warmonger_civ_leader,[deleted],0.89,Attila,Attila,2,Is Attila in Brave New world? I haven't met him although I have 3000+ hours of gameplay.,0
who_is_the_most_warmonger_civ_leader,Rossticles,0.89,Monty,Montezuma,2,Honorable mention goes to Monty.,1
who_is_the_most_warmonger_civ_leader,Rossticles,0.89,Ramkhamhaeng,Ramkhamhaeng,3,Ramkhamhaeng can also be quite testy.,-1
who_is_the_most_warmonger_civ_leader,g0tmelk,0.89,Elizabeth,Elizabeth,0,where's elizabeth. she always wants war,-1
who_is_the_most_warmonger_civ_leader,burekstein,1.03,Ghandi,Gandhi,3,For the meme: Ghandi,0
who_is_the_most_warmonger_civ_leader,burekstein,1.03,Askia,Askia,2,"In reality: Askia. Doesn't matter how many trade routes we have. Doesn't matter we have a perfect history. If I have a smaller military, (I usually run Venice, so, kind of my fault), then it's inevitable",-1
who_is_the_most_warmonger_civ_leader,Life-Ad-6480,0.69,Montezuma,Montezuma,2,I forgot to add Montezuma on the list but I am pretty sure he would be at 3rd or 2nd place,1
who_is_the_most_warmonger_civ_leader,Jayken,0.69,Shaka,Shaka,2,Shaka is hit or miss. Best friend or externally at war.,0
who_is_the_most_warmonger_civ_leader,Jayken,0.69,Attila,Attila,2,"Attila can be an absolute monster in the early game. By late game though, he's kind of a joke.",0
who_is_the_most_warmonger_civ_leader,mrtiptonic,0.69,Genghis Khan,GenghisKhan,2,"right now as I voted, I'm playing as Genghis Khan and chose Autocracy and yet I have the highest happiness in my current game",1
who_is_the_most_warmonger_civ_leader,Wadero,0.69,Shaka,Shaka,2,"Shaka was half a continent away so I tried to befriend him; I started a trade route, swapped embassies and luxuries. When I saw his line of units moving in my direction, I bribed him into attacking Poland. He took their capital and immediately declared war on me.",-1
who_is_the_most_warmonger_civ_leader,moreckm8293,0.34,Ghandi,Gandhi,3,Why is Ghandi not on the list? Definitely the biggest war monger,-1
who_is_the_most_warmonger_civ_leader,themolestedsliver,0.34,Shaka,Shaka,2,Shaka kept declaring war on me. I'd beat him back but a few turns later he'd send another full army towards me. We'd declare peace and then literally after it ends he mobilizes his entire army to take one of my new cities.,-1
who_is_the_most_warmonger_civ_leader,Definitely-JT,0.34,Caesar,Augustus,1,I have had a lot of run ins with Caesar 🙃,0
civfanatics_favorite_hated,civfan_user_0,1.0,Boudica,Boudicca,2,"Boudica - dunno, I kinda like her, even when we are in love-hate relationship. I like her animation, when she starts dancing around like drunken duck with her sword.",1
civfanatics_favorite_hated,civfan_user_0,1.0,Suleiman,Suleiman,1,"Suleiman - altho Ottomans never seem to do anything useful in the games, I kinda like Suleiman. He always seems happy, even when declaring war on me.",1
civfanatics_favorite_hated,civfan_user_0,1.0,Attila,Attila,2,"Attila - usually makes me jump when we first meet, because he's loud. Later on, he seem to be friendly, even when he dows me in the first 40 turns.",0
civfanatics_favorite_hated,civfan_user_0,1.0,Ashurbanipal,Ashurbanipal,2,"Ashurbanipal - I don't remember I've ever been in a war with Assyria and he always seems to be friendly with me, even when most civs hate me.",1
civfanatics_favorite_hated,civfan_user_0,1.0,Wu Zetian,WuZetian,4,"Wu Zetian - she seems to be neutral most of the time, and not care too much of outside politics. In most of my games, we are either good trading partners or allies, even when when we spawn next to each other.",1
civfanatics_favorite_hated,civfan_user_0,1.0,Shaka,Shaka,2,"Shaka - even if he will most likely try to kill me, at least I know that he's honest about it. His diplomatic info is what it is, if he hates me, he hates me, if he likes me, he likes me.",1
civfanatics_favorite_hated,civfan_user_0,1.0,Ramses II,Ramesses,4,"Ramses II - very weird AI, grunt, usually guarded for no reason. Gets cranky if you build just a single wander, because he must build them all.",-1
civfanatics_favorite_hated,civfan_user_0,1.0,Elizabeth,Elizabeth,0,"Elizabeth - or ""The incredibly strange AI that stopped being annoying and became mixed up hostile punching bag!!?"" One of those AIs that I just want to punch real hard whenever I see her popping up from unexplored map.",-1
civfanatics_favorite_hated,civfan_user_0,1.0,RamBamBam,Ramkhamhaeng,3,"RamBamBam - Siam . I hate his ""I will attack anyone around me, but don't you dare attacking anyone, because I will tell mom"" attitude.",-1
civfanatics_favorite_hated,civfan_user_0,1.0,Isabella,Isabella,2,"Isabella - spams GP and missionaries, asks you to join up in war, denounces you the very next turn and turns from friendly into hostile. She's like annoying little sister - won't go away, won't shut up.",-1
civfanatics_favorite_hated,civfan_user_0,1.0,Kamehameha,Kamehameha,0,"Kamehame ... the guy with funny hat. - Polynesia - I just like to punch him. No, I don't need your five cities right in the middle of my empire, because you've seen an empty spot.",-1
civfanatics_favorite_hated,civfan_user_0,1.0,Haile Selassie,Selassie,3,"Haile Selassie - pretty much same opinion as with Siam. Likes to pick on others, go tells your mom when you pick on others.",-1
civfanatics_favorite_hated,civfan_user_0,1.0,Pacal,Pacal,4,"Pacal - Will try to grab every possible faith wonder, gets cranky and start denouncing when you get one. Spams you with GP and refuses to stop it.",-1
civfanatics_favorite_hated,civfan_user_0,1.0,Ahmad al-Mansur,AhmadalMansur,4,Ahmad al-Mansur and William - no I don't need your cities three tiles away from my capital.,-1
civfanatics_favorite_hated,civfan_user_0,1.0,William,William,0,Ahmad al-Mansur and William - no I don't need your cities three tiles away from my capital.,-1
civfanatics_favorite_hated,civfan_user_0,1.0,Oda,OdaNobunaga,1,"Oda - if he's right next to me, better prepare defenses, because he will drop two cities next to me, then declare war on me... then hate me for the rest of the game and attack whenever he can, unless I wipe him out.",-1
civfanatics_favorite_hated,civfan_user_1,1.0,Boudicca,Boudicca,2,Likes Boudicca,1
civfanatics_favorite_hated,civfan_user_1,1.0,William of Orange,William,0,Likes William of Orange,1
civfanatics_favorite_hated,civfan_user_1,1.0,Dido,Dido,2,Likes Dido,1
civfanatics_favorite_hated,civfan_user_1,1.0,Wu Zetian,WuZetian,4,Likes Wu Zetian because she rarely shows up.,-1
civfanatics_favorite_hated,civfan_user_1,1.0,Pacal,Pacal,4,Hates Pacal- Makes my computer lag,-1
civfanatics_favorite_hated,civfan_user_1,1.0,Elizabeth,Elizabeth,0,Hates Elizabeth- Very annoying wonder hog,-1
civfanatics_favorite_hated,civfan_user_2,1.0,Harald Bluetooth,Harald,2,"HARALD BLUETOOTH. The favourite among favourites. Reasonable, nice, but still loves to fight a good war. Can't find a single bad thing about him, and in BNW he started doing a little bit better, even kinda-running away several times.",1
civfanatics_favorite_hated,civfan_user_2,1.0,Pachacuti,Pachacuti,4,"Pachacuti. Pretty much the same as Harald, but positive traits are all smaller, and he's a bit more treacherous. Still, a good friend to have.",1
civfanatics_favorite_hated,civfan_user_2,1.0,Askia,Askia,2,"Askia. Mainly because I feel bad for the guy. He's nearly always the punching bag (except for one time where he became a mid-good civ - but then I kinda helped him, so it hardly counts) and can be incredibly annoying with his love for getting a second city half the map away from his capital just under yours and then forgetting to get any more of them.",0
civfanatics_favorite_hated,civfan_user_2,1.0,Catherine,Catherine,1,"Catherine (G&K). She used to be such a great competition. Now she's constantly the punching bag for some reason, but it may be because for some reason desipte having random civs she started next to Mongols several times in a row for some reason.",0
civfanatics_favorite_hated,civfan_user_2,1.0,Bismarck,Bismark,1,"Bismarck. A relatively nice guy who likes to fight, and started running away in BNW.",0
civfanatics_favorite_hated,civfan_user_2,1.0,Neby,Nebuchadnezzar,4,Neby. Such a joy to see this guy. Too bad he's not more competent.,0
civfanatics_favorite_hated,civfan_user_2,1.0,Monty,Montezuma,2,"Monty. How can you dislike this guy? You'd need to be soulless. I still remember how in G&K he used to declare wars on me just a turn after we traded something, losing his stuff and then offering me a free luxury/gpt in peace deal.",1
civfanatics_favorite_hated,civfan_user_2,1.0,Ramkhamhaeng,Ramkhamhaeng,3,"Ramkhamhaeng. Annoying, loves to warmonger and hates you for doing the exact same thing even in ultra-small ammounts. ALWAYS reject his DoF's, because afterwards he'll decide to settle a city right in your face with no exceptions.",-1
civfanatics_favorite_hated,civfan_user_2,1.0,Alexander,Alexander,1,"Alexander. Unreasonable, annoying, loves to hate you for no reason, expands, usually the runaway.",-1
civfanatics_favorite_hated,civfan_user_2,1.0,Hiawatha,Hiawatha,0,"Hiawatha. SERIOUSLY, he's insane. Nuts. Expands in most useless places, can overwhelm most of the AI's early on.",-1
civfanatics_favorite_hated,civfan_user_2,1.0,Elizabeth,Elizabeth,0,"Elizabeth. She's always unreasonable, incompetent, annoying and does stuff just to piss you off. I still remember how she had only one city, and decided to send her army through ENTIRE CONTINENT to attack my capital.",-1
civfanatics_favorite_hated,civfan_user_3,1.0,Alexander,Alexander,1,"I've never had good relations with this jerk, and he shows up in like half the maps I play. Loves to found and spread his own religion, which is annoying because I like to do the same. Also he's a city-state hog. And he's always a runaway unless he's had his wings clipped early.",-1
civfanatics_favorite_hated,civfan_user_3,1.0,Shaka,Shaka,2,"He had the misfortune of starting right next to the Zulus in my current game, so he's his usual obnoxious self but he hasn't been able to expand passed 3 cities due to constant harassment from Shaka.",-1
civfanatics_favorite_hated,civfan_user_3,1.0,Elizabeth,Elizabeth,0,"Always a failure, but never fails to be annoying. I guess England just isn't all that without Ireland, Scotland and Wales. (Plus she's a wonder-hog.)",-1
civfanatics_favorite_hated,civfan_user_3,1.0,Hiawatha,Hiawatha,0,"JEEBUS, calm down buddy! There's enough map for everyone!",-1
civfanatics_favorite_hated,civfan_user_3,1.0,Ramkhamhaeng,Ramkhamhaeng,3,City-state hog par excellence.,-1
civfanatics_favorite_hated,civfan_user_3,1.0,Sejong,Sejong,4,My heart sinks whenever he's my opponent. He just techs soooo fast! It's impossible to keep up sometimes! Plus he likes to build cities.,-1
civfanatics_favorite_hated,civfan_user_3,1.0,Ramesses,Ramesses,4,"Can I build a wonder or two, please!?",-1
civfanatics_favorite_hated,civfan_user_3,1.0,Catherine,Catherine,1,"Usually pretty reasonable, good challenge, makes a powerful friend or foe.",1
civfanatics_favorite_hated,civfan_user_3,1.0,Gustavus,Gustavus,0,Let's be friends please!,0
civfanatics_favorite_hated,civfan_user_3,1.0,Augustus,Augustus,1,Start next to either of them and you know they're going to invade. At least you can plan for it.,-1
civfanatics_favorite_hated,civfan_user_3,1.0,Dido,Dido,2,Start next to either of them and you know they're going to invade. At least you can plan for it.,-1
civfanatics_favorite_hated,civfan_user_3,1.0,Wu,WuZetian,4,"I like her theme music, and she's usually quite reasonable.",1
civfanatics_favorite_hated,civfan_user_3,1.0,Nebby,Nebuchadnezzar,4,Usually good to be friends with.,1
civfanatics_favorite_hated,civfan_user_4,1.0,William,William,0,William - Usally he's pretty good friends with me.,1
civfanatics_favorite_hated,civfan_user_4,1.0,Gustavus,Gustavus,0,Gustavus - I always try to become friends with him and he is generally nice.,1
civfanatics_favorite_hated,civfan_user_4,1.0,Alexander,Alexander,1,Alexander - Most people hate him for his city state friendships. But I really don't have much problems with Alex he's in 2/3s of my games it seems but we usually always become friends early on and when he does become your friend he's a great ally to have very loyal for the entire game. And when I'm a smaller civ like Vencie I Usally make defensive pacts with him since he does not backstab people often it seems.,1
civfanatics_favorite_hated,civfan_user_4,1.0,Washington,Washington,0,Washington - very loyal friend to have unless you're trying to warmonger.,1
civfanatics_favorite_hated,civfan_user_4,1.0,Ahmad,AhmadalMansur,4,Ahmad - Always friendly to me.,1
civfanatics_favorite_hated,civfan_user_4,1.0,Augustus Caesar,Augustus,1,Augustus Ceaser - Somtimes I have games with him where he is my best friend but often if he asks for friendship I will expect a backstab within the next few turns.,0
civfanatics_favorite_hated,civfan_user_4,1.0,Bismarck,Bismark,1,Bismarck - He isn't in my games often but when he is.... He is the BIGGEST bully on the map I had games where he would just raze every city someone made but leave their capitals fine.,-1
civfanatics_favorite_hated,civfan_user_4,1.0,Hiawatha,Hiawatha,0,Hiawatha - Thanks for taking yet another useless ocean tile. He overwhelms civs and picks fights early Usally picks fights with people like Shaka though and leaves the other alone.,-1
civfanatics_favorite_hated,civfan_user_4,1.0,Darius,Darius,4,Darius - Really hate this guy he will always make a big army and be the under the radar warmongering guy.,-1
civfanatics_favorite_hated,civfan_user_4,1.0,Sejong,Sejong,4,Sejong - nothing at all to like about him when he's in your game.,-1
civfanatics_favorite_hated,civfan_user_4,1.0,Pacatello,Pocatello,0,Pacotello - He always seems to want too stay neutral with me and never wants to progress a friendship. Really stubborn and takes a lot of land.,-1
civfanatics_favorite_hated,civfan_user_5,1.0,Haile Selassie,Selassie,3,"This guy is my blood brother. In almost every single game I've played with him, Haile extends a warm hand of friendship to me from the very beginning and is a fiercely loyal ally throughout. In one game, I allowed him to win a science victory rather than attacking him, because he had won me over so much throughout the game with his character.",1
civfanatics_favorite_hated,civfan_user_5,1.0,Gustavus Adolphus,Gustavus,0,"Another great ally with a warm and friendly personality. His is my favorite court to be in, with mighty and confident Gustavus standing before the fireplace and triumphant music playing in the background. He is extremely reasonable.",1
civfanatics_favorite_hated,civfan_user_5,1.0,Napoleon,Napoleon,1,Napoleon is the one guy I most hate to be neighbors with. I know he's going to try to settle on me and invade me if given any opportunity. Napoleon is like the hyena of Civ 5 -- he culls the sick and weakly civs from the pack.,-1
civfanatics_favorite_hated,civfan_user_5,1.0,Theodora,Theodora,4,"Her voice is very soothing and seductive. She is usually friendly and willing to deal, unless there is some obvious reason why your interests are opposed. Does not spam settlers.",1
civfanatics_favorite_hated,civfan_user_5,1.0,Bismarck,Bismark,1,Always seems reasonable. He's never DoWed me and his forward settling is mild. Does not get pissed off for no reason.,1
civfanatics_favorite_hated,civfan_user_5,1.0,Gandhi,Gandhi,3,"He has all the characteristics I like in an opponent: very passive, generally friendly, and does not over settle. However, I have very little respect for him. He's a pushover.",0
civfanatics_favorite_hated,civfan_user_5,1.0,Pocatello,Pocatello,0,"What's not to love? Very passive and deals with you straight up. You treat him right, and he'll treat you right.",1
civfanatics_favorite_hated,civfan_user_5,1.0,Suleiman,Suleiman,1,I have a high level of respect for Suileman. He has beaten me more times than any other civ. He will use every military and diplomatic option he has to destroy you.,1
civfanatics_favorite_hated,civfan_user_5,1.0,Oda Nobunaga,OdaNobunaga,1,"Some games he is the best, nicest ally you'll ever meet. Other games he is the most pathetic, guarded whiner on the whole board. I am annoyed by his voice in general, but especially when he is angry or guarded.",0
civfanatics_favorite_hated,civfan_user_5,1.0,Catherine,Catherine,1,"I like Catherine. She is friendly to me from the beginning a lot, which I like. However, it seems like she becomes pissed off easily and that our relationship fades over time.",0
civfanatics_favorite_hated,civfan_user_5,1.0,Genghis Khan,GenghisKhan,2,I don't mind Ghengis. Usually not technologically advanced enough to pose much of a threat and always willing to be bribed. Can be a pest sometimes though.,0
civfanatics_favorite_hated,civfan_user_5,1.0,Augustus Caesar,Augustus,1,"Another leader I have a mixed relationship with. More often than not, our interests are opposed but he is someone who I can get along with under the right conditions.",0
civfanatics_favorite_hated,civfan_user_5,1.0,Darius,Darius,4,There is no one in the game I am more weary of than Darius. He is constantly scheming. Everything he does has a purpose and a plan.,-1
civfanatics_favorite_hated,civfan_user_5,1.0,Boudicca,Boudicca,2,"That's right, Boudicca. I hate you. There is no one more two-faced than Boudicca and I can't stand it. She constantly tries to convert my cities and plots against me at every opportunity.",-1
civfanatics_favorite_hated,civfan_user_5,1.0,Maria Theresa,Maria,0,"The ultimate example of passive-agressive. Will be your best friend one turn, and your worst enemy the next. Constantly coming up with ways to annoy you besides declaring war.",-1
civfanatics_favorite_hated,civfan_user_5,1.0,William,William,0,I have had so many games where he has been a complete douche. Can't stand the voice. He constantly declares war on you when you least expect it.,-1
civfanatics_favorite_hated,civfan_user_5,1.0,Elizabeth,Elizabeth,0,Speaking of denouncements and city spamming.,0
civfanatics_favorite_hated,civfan_user_5,1.0,Isabella,Isabella,2,Speaking of denouncements and city spamming.,0
civfanatics_favorite_hated,civfan_user_5,1.0,Alexander the Great,Alexander,1,"Most annoying voice in the game. Also one of the civs that DoW you early in the game while you're still trying to get things set up, which I hate. City state hog.",-1
civfanatics_favorite_hated,civfan_user_5,1.0,Ramesses,Ramesses,4,"Complete wonder hog, always in a rotten mood, and loves to nuke your cities.",-1
civfanatics_favorite_hated,civfan_user_6,1.0,Ashurbanipal,Ashurbanipal,2,"Love Ashurbanipal (Assyria) - Can be intimidating especially with a huge army, yet someone I hate to hate. He was unfortunately the biggest warmonger (and the only aggressive AI) in my last game due to having China and Brazil as his neighbors, yet I can't seem to find hate for the guy. Maybe it's because he does respect you, at the very least.",1
civfanatics_favorite_hated,civfan_user_6,1.0,Shaka,Shaka,2,"Love/Hate Shaka (The Zulu) - I hate how he gloats around when you're hostile to one another and that I have to work up my defenses when I find he's my neighbor. However, he's also extremely easy to manipulate oh so very much. He also has a glaring weakness which I love to exploit: he sends almost all his troops to the front lines but leaves his cities defenseless, making it easy for backdoor invasions.",0
civfanatics_favorite_hated,civfan_user_6,1.0,Alexander,Alexander,1,"Hate Alejandro (Alexander, Greece) - Yes, I mock and hate him in every single time I meet him. I don't mind the denouncement or DOW. What I really hate is that he always tries to take over my most crucial CS allies, to the point that unless I've cared for them since the beginning of the game, it will be very difficult to take them back.",-1
civfanatics_favorite_hated,civfan_user_7,1.0,Casimir,Casimir,0,"Cassimir (Poland) - I declared war on this guy in several games, even took his cities and some in a peace deal yet after maybe 15 turns asks me for a declaration of friendship. Now that's the most forgiving AI I know.",1
civfanatics_favorite_hated,civfan_user_7,1.0,Pedro II,Pedro,4,Pedro II (Brazil) -Overall nice guy easy to deal with. DoF are almost guaranteed if this guy is around.,1
civfanatics_favorite_hated,civfan_user_7,1.0,Boudicca,Boudicca,2,"Boudicca (The Celts) -Reasonable and Friendly. Doesn't expand that much and would declare war on warmongers so I don't have to deal with them. She has almost always been my besties against warmongers like Shaka, Montezuma and Oda.",1
civfanatics_favorite_hated,civfan_user_7,1.0,Ahmad Al Mansur,AhmadalMansur,4,"Ahmad Al Mansur (Morroco) - Easy to befriend but always like to steal your wonders. I can't do anything since he's supposed to be my friend, and he is always an easy target by my enemies. I only befriend him for buffer against runaways but his wonderspamming gets on my nerves.",-1
civfanatics_favorite_hated,civfan_user_7,1.0,Pacal,Pacal,4,Pacal (The Maya) - Same reason as above.,0
civfanatics_favorite_hated,civfan_user_7,1.0,Suleiman,Suleiman,1,Suleiman (Ottomans) - VERY easy to befriend but he always likes to settle near my cities.,0
civfanatics_favorite_hated,civfan_user_7,1.0,Ramesses,Ramesses,4,Ramesses (Egypt) - Always irritable and wonderspams. Unlike Pacal and Ahmad he isn't friendly at all.,-1
civfanatics_favorite_hated,civfan_user_7,1.0,Montezuma,Montezuma,2,Montezuma (The Aztecs) - Irritating and he always like to insult me. He is always arrogant when demanding from my protected city states.,-1
civfanatics_favorite_hated,civfan_user_7,1.0,Hiawatha,Hiawatha,0,"Hiawatha (Iroquis) - Cities, Cities everywhere. Cities as far as the eye can see.",-1
civfanatics_favorite_hated,civfan_user_8,1.0,Ahmad Al-Mansur,AhmadalMansur,4,Ahmad Al-Mansur - Is always a bro even in times of crisis. Let us make money together for great profits! War? Bad for business!,1
civfanatics_favorite_hated,civfan_user_8,1.0,Enrico Dandolo,EnricoDandolo,4,"Enrico Dandolo - Despite his less than ahem stellar history, he is a pretty nice old man in the game. Always asking me to participate in one of those Venetian Get Rich schemes.",1
civfanatics_favorite_hated,civfan_user_8,1.0,Elizabeth,Elizabeth,0,Elizabeth: Turn 1: Hi! Lets be BFFs )) Turn 2: You are a scourge of humanity and you disgust me! Oh btw...would you like a trade agreement with England? Don't trust Lizzy...like ever.,-1
civfanatics_favorite_hated,civfan_user_8,1.0,Alex,Alexander,1,Alex: Mr. denounce from 100 tiles away.,-1
civfanatics_favorite_hated,civfan_user_9,1.0,Isabella,Isabella,2,"Isabella, for some reason has been the most consistent ally and trading partner in my games, a lot probably has to do with her annoying the other AIs and rarely being in the top third of the AIs in my games.",1
civfanatics_favorite_hated,civfan_user_9,1.0,Genghis,GenghisKhan,2,"Genghis, this is probably due to me taking Autocracy so often, even if I go to war with him early by the late game I can count on him to be a war partner, his city state eating can get annoying at times but a lot of times they are eating the CSs that a CS mongering Civ is allied with so its a generally a net positive.",1
civfanatics_favorite_hated,civfan_user_9,1.0,Theodora,Theodora,4,"Theodora, always a very docile Civ in my games, she doesn't spam cities too much, not overly aggressive with city states, and I don't focus on religion that much so I don't get too worked up if she gets her religion and gets aggressive with it.",1
civfanatics_favorite_hated,civfan_user_9,1.0,Boudicca,Boudicca,2,"Boudicca, she is fun to watch rant and babble, but the issue is she can be in a ideal spot to be a ally, I can do everything possible to maintain positive diplomatic relations but she will always flip and DoW on me at some point.",-1
civfanatics_favorite_hated,civfan_user_9,1.0,Augustus,Augustus,1,"Augustus, he doesn't annoy me as much as always challenge me in the late game, if he spawns far away from my borders I am almost assured to have to invade him to prevent his tech victory, this normally involves a naval invasion followed by a long battle through at least two well developed cities before you even reach the capital, and I am almost guaranteed to have a few nukes dropped on my forces as I drive inland.",-1
civfanatics_favorite_hated,civfan_user_9,1.0,Alexander,Alexander,1,"Alexander, so cocky even when he is not being a dick I still want to hate him, the biggest CS hog in the game and somehow manages some of the better core cities in most games I play, I hate him and his little pony...",-1
civfanatics_favorite_hated,civfan_user_9,1.0,Hiawatha,Hiawatha,0,"Hiawatha, oh look its the Iroqouis Empire the hornets nest of cities being built close together and lurching towards my borders... he is the reason the Huns are a attractive Civ at times because dismantling Hiawatha can take a long time even if he isn't a runaway.",-1
civfanatics_favorite_hated,civfan_user_9,1.0,Kamehameha,Kamehameha,0,"Kamehameha, Hiawatha's mentally challenged brother, where the Iroqouis are effective in their city spam, the Polynesians find the tiny sliver of tiles on your coast to settle that you have absolutely no interest in having a city in and will do it repeatedly even if you have burnt them down earlier in the game, the only upside is he rarely is a runaway or even makes it out of the bottom third of Civs in a game he is just a pain in the butt for the entire game.",-1
civfanatics_favorite_hated,civfan_user_10,1.0,Catherine,Catherine,1,Catherine is a worthy opponent.,1
civfanatics_favorite_hated,civfan_user_10,1.0,Sejong,Sejong,4,Sejong will travel halfway around the world to settle his second city next to your capitol.,-1
civfanatics_favorite_hated,civfan_user_11,1.0,Hiawatha,Hiawatha,0,"Guys like Hiawatha, Alexander, and Catherine make me smile, put up my dukes and say ""challenge accepted"".",1
civfanatics_favorite_hated,civfan_user_11,1.0,Alexander,Alexander,1,"Guys like Hiawatha, Alexander, and Catherine make me smile, put up my dukes and say ""challenge accepted"".",1
civfanatics_favorite_hated,civfan_user_11,1.0,Catherine,Catherine,1,"Guys like Hiawatha, Alexander, and Catherine make me smile, put up my dukes and say ""challenge accepted"".",1
civfanatics_favorite_hated,civfan_user_11,1.0,Elizabeth,Elizabeth,0,"On the other hand, you've got AI's like Elizabeth and Isabella that never really manage to be a genuine threat but manage to be a thorn in your side in other ways, primarily just by talking so much and making the AI turn take more time.",-1
civfanatics_favorite_hated,civfan_user_11,1.0,Isabella,Isabella,2,"On the other hand, you've got AI's like Elizabeth and Isabella that never really manage to be a genuine threat but manage to be a thorn in your side in other ways, primarily just by talking so much and making the AI turn take more time.",-1
civfanatics_favorite_hated,civfan_user_12,1.0,Kamehameha,Kamehameha,0,"dislike Kamameha, An annoying lout, always in last place, everyone in the world loves him and has to tell you about it, ninja begger. He's like the guy at the party who never brings the beer.",-1
civfanatics_favorite_hated,civfan_user_13,1.0,Harun Al-Rashid,HarunAlRashid,4,"Harun Al-Rashid: Almost always a good friend, although his city spam can get a bit out of hand in the lategame.",1
civfanatics_favorite_hated,civfan_user_13,1.0,Gustavus,Gustavus,0,"Gustavus, Theodora, William: The G&K civs that are easier to befriend, they like to play a bit taller and tend to peacefully build wonders which makes them good neighbors.",1
civfanatics_favorite_hated,civfan_user_13,1.0,Theodora,Theodora,4,"Gustavus, Theodora, William: The G&K civs that are easier to befriend, they like to play a bit taller and tend to peacefully build wonders which makes them good neighbors.",1
civfanatics_favorite_hated,civfan_user_13,1.0,William,William,0,"Gustavus, Theodora, William: The G&K civs that are easier to befriend, they like to play a bit taller and tend to peacefully build wonders which makes them good neighbors.",1
civfanatics_favorite_hated,civfan_user_13,1.0,Genghis Khan,GenghisKhan,2,"Genghis Khan: I never have trouble with him, too bad the rest of the world always hates him for attacking city-states which usually means he doesn't last very long.",0
civfanatics_favorite_hated,civfan_user_13,1.0,Augustus,Augustus,1,Augustus: I just get him so often my games and hes always impossible to get along with. I also can't stand his music and civ colors.,-1
civfanatics_favorite_hated,civfan_user_13,1.0,Haile Selassie,Selassie,3,Haile Selassie: Impossible to have a religion near him. Other religion based civs sometimes forget about it entirely but the stele guarantees that Haile will get one and be extremely obnoxious about spreading it around.,-1
civfanatics_favorite_hated,civfan_user_13,1.0,Attila,Attila,2,"Attila: He's another one that I seem to get in my games all the time and probably the most annoying/dangerous in the early game. Monty and Shaka at least have some endearing qualities about them, Attila is just obnoxious.",-1
civfanatics_favorite_hated,civfan_user_13,1.0,Monty,Montezuma,2,"Monty and Shaka at least have some endearing qualities about them, Attila is just obnoxious.",-1
civfanatics_favorite_hated,civfan_user_13,1.0,Shaka,Shaka,2,"Monty and Shaka at least have some endearing qualities about them, Attila is just obnoxious.",-1
civfanatics_favorite_hated,civfan_user_14,1.0,William,William,0,"Other than the 5% of the time that he goes nuts and decides he should have Montezuma's personality during the first 50 turns, the other 95% he is a bro among bros. Doubly so because he's one AI I never have to take the Research Agreements to, because he'll bring them to me the turn they're available.",1
civfanatics_favorite_hated,civfan_user_14,1.0,Theodora,Theodora,4,"Is always willing to be allies with the player seemingly every game, and doesn't even get too nuts (compared to other religious civs at least) when you have/spread a religion near her.",1
civfanatics_favorite_hated,civfan_user_14,1.0,Montezuma,Montezuma,2,"Say what you will about the guy, but he's consistent, and putting on a show every time you see him.",1
civfanatics_favorite_hated,civfan_user_14,1.0,Genghis,GenghisKhan,2,"Dear Temujin, I appreciate that you always at least try to be friendly, but I'd really like to occasionally have a CS ally without you deciding to bully them as often as possible, if not outright kill them.",-1
civfanatics_favorite_hated,civfan_user_14,1.0,Bismark,Bismark,1,"Easily the most reasonable of the ""warmongers"", and I haven't seen him hold a grudge often, but dear gods, does his Chronic Backstabbing Syndrome tend to flare up so often.",0
civfanatics_favorite_hated,civfan_user_14,1.0,Catherine,Catherine,1,"Also fairly reasonable, if not outright pleasant to play alongside... until you get past the first 100 turns. Once her drive to spam 20 cities out with accompaniment from 3-4 dozen horse units sets in however, her personality can't make up for the nuisance she can become.",-1
civfanatics_favorite_hated,civfan_user_14,1.0,Ghandi,Gandhi,3,"The absolute most fickle personality in the game. No matter what you are doing, you WILL be denounced and harassed throughout the game.",-1
civfanatics_favorite_hated,civfan_user_14,1.0,Hiawatha,Hiawatha,0,"See the comment about why Cathy gets some hate to go with the love, only replace ""goes crazy and spammy after turn 100"" with ""goes crazy and spammy after turn 2.""",-1
civfanatics_favorite_hated,civfan_user_14,1.0,Haile Selassie,Selassie,3,"He probably wouldn't be so bad if I wanted to play a game where I never got a religion. Or never built wonders. Or never tried to ally CSes. Actually, he probably still would be.",-1
civfanatics_favorite_hated,civfan_user_15,1.0,Ramesses II,Ramesses,4,"The only AIs I really hate are the warmongers who also hate warmongers, like Rammy and Haile Selassie. I don't like Rammy doing a suprise atttack with nasephants and then denouncing me after he loses.",-1
civfanatics_favorite_hated,civfan_user_15,1.0,Haile Selassie,Selassie,3,"The only AIs I really hate are the warmongers who also hate warmongers, like Rammy and Haile Selassie.",-1
civfanatics_favorite_hated,civfan_user_15,1.0,Montezuma,Montezuma,2,I like the honest warmongers like Montezuma or Shaka because you know they're gonna attack and you can prepare for it and they won't hold grudges after you wipe out their forces.,1
civfanatics_favorite_hated,civfan_user_15,1.0,Shaka,Shaka,2,I like the honest warmongers like Montezuma or Shaka because you know they're gonna attack and you can prepare for it and they won't hold grudges after you wipe out their forces.,1
civfanatics_favorite_hated,civfan_user_15,1.0,Pachacuti,Pachacuti,4,"Pachacuti has really annoying forward-settling + ""you're expanding too close to us"" routine.",-1
civfanatics_favorite_hated,civfan_user_17,1.0,William,William,0,"Other than the 5% of the time that he goes nuts and decides he should have Montezuma's personality during the first 50 turns, the other 95% he is a bro among bros. Doubly so because he's one AI I never have to take the Research Agreements to, because he'll bring them to me the turn they're available. Asks for DoF, turns Guarded on the same turn for no reason. then starts begging for luxuries and gold, ala Siam.",0
civfanatics_favorite_hated,civfan_user_17,1.0,Theodora,Theodora,4,"Is always willing to be allies with the player seemingly every game, and doesn't even get too nuts (compared to other religious civs at least) when you have/spread a religion near her. Thea is good friend to have around. I've never seen her backstab. Too bad she's too passive and rarely does anything useful except being pushed around, but if you befriend her (which is easy to do) she'll supply you with constant RA and good trade deals.",1
civfanatics_favorite_hated,civfan_user_17,1.0,Montezuma,Montezuma,2,"Say what you will about the guy, but he's consistent, and putting on a show every time you see him. Montezuma... can't be pain, but it's good thing that he is very forgiving. You can have ten wars one after another and he'll still ask you to be friends after that.",1
civfanatics_favorite_hated,civfan_user_17,1.0,Cathy,Catherine,1,Cathy either wants to kill you or stays trusted friend until the end.,0
civfanatics_favorite_hated,civfan_user_17,1.0,August,Augustus,1,"August, depends on the game I guess. He's either very loyal or backstabs. The size of your army and how far you two are from each other seems to be the factor. If you're far away and he's busy with others, he will be loyal friend.",0
civfanatics_favorite_hated,civfan_user_17,1.0,Nebuchadnezzar,Nebuchadnezzar,4,"I see that many like him here, but I never had pleasure. He's usually one of the most guarded AIs toward me (along with Egypt) and hard to make any progress with... and don't you dare build one wonder he wants. He'll denounce and denounce and denounce.",-1
civfanatics_favorite_hated,civfan_user_17,1.0,Askia,Askia,2,"backstabber, hates warmongers even when he's (unsuccessfully) trying to take over the world... and he's often suicidal, always picks up a fight with Attila, Shaka or Oda and gets obliterated.",-1
civfanatics_favorite_hated,civfan_user_17,1.0,Ghandi,Gandhi,3,"I kinda like Ghandi. If he's my neighbour, I know he will be good trade partner, will not expend beside 3-4 cities, and won't attack me whenever he can. His wonder hog can be bit too much tho, because he'll build every single one of cultural wonders due to his 50 pop cities.",1
civfanatics_favorite_hated,civfan_user_19,1.0,William,William,0,"Like every 10 turns, ""William built XXX wonder"" (he had salt\hills start)",-1
civfanatics_favorite_hated,civfan_user_20,1.0,Queen Dildo,Dido,2,"She can be nasty at times, but Queen Dildo is a worthy ally if you get on her good side.",0
civfanatics_most_annoying,civfan_user_0,1.0,Alexander,Alexander,1,"Alexander acts like such a pissy brat, the lines Firaxis game him to say do not help, his spontaneous declarations of war and hyper-aggressive behavior make him the schoolyard bully of this game. Plus he kinda looks like Ken from the Barbie line.",-1
civfanatics_most_annoying,civfan_user_0,1.0,Augustus,Augustus,1,"Augustus has backstabbed me so many times it puts Brutus to shame. First he declares war on me when I'm engaged against someone else (most likely Alexander) and when I finally manage to beat back his offensive he goes all ""Friendly"" and falls over himself offering Declarations of Friendship. The declaration is signed, and as soon as I get into another war he again attacks me on the other side of the map.",-1
civfanatics_most_annoying,civfan_user_0,1.0,Washington,Washington,0,"As for Washington, it's always the same story. I'm off picking cotton in my small peaceful empire and he shows up and states ""Your wanton aggression leaves me no choice..."" and then attacks me in an expansionist frenzy.",-1
civfanatics_most_annoying,civfan_user_1,1.0,Bismark,Bismark,1,"Bismark and Augustus. they vex me more than the others. plenty are irrational and random, but they seem to be in my games more than any other civ when the settings are random civs.",-1
civfanatics_most_annoying,civfan_user_1,1.0,Augustus,Augustus,1,"Bismark and Augustus. they vex me more than the others. plenty are irrational and random, but they seem to be in my games more than any other civ when the settings are random civs.",-1
civfanatics_most_annoying,civfan_user_2,1.0,Alexander,Alexander,1,He has never been friendly to me and he always tries to DOW as many civs as possible with little success. In most of my games he ends up being a citystate that owns 1-2 cities (definitely not Athens and Sparta) on some location full of desert or tundra since he gets wiped off by other AIs. He still keeps yelling his inslults to me from there though.,-1
civfanatics_most_annoying,civfan_user_2,1.0,Elisabeth,Elizabeth,0,"Elisabeth is also somebody that I'm never able to please. Usually I don't meet her until quite late in the game and then she turns out to be hostile almost immediately. Unlike Alexander, she usually manages to build a quite succesful empire with a few puppeted cities.",-1
civfanatics_most_annoying,civfan_user_2,1.0,Gandhi,Gandhi,3,The reason for me to dislike Gandhi is his overly peaceful way of speaking. He is always mad at me since there are few games where I don't DOW any AI civs and keeps insulting me a lot despite of having only 1-3 cities himself. Usually I see him getting wiped out by the other civs as well but he always manages to build a group of cities to some forgotten place where nobody cares about him.,-1
civfanatics_most_annoying,civfan_user_2,1.0,Ramses,Ramesses,4,"Ramses only annoys me if I build a lot of wonders and get him angry. By the way, he is also one of those that tends to get wiped off by the other AI civs.",-1
civfanatics_most_annoying,civfan_user_3,1.0,Elisabeth,Elizabeth,0,Elisabeth can never be pleased and likes to backstab me.,-1
civfanatics_most_annoying,civfan_user_3,1.0,Alexander,Alexander,1,"Alexander god, wish I could have a stable friendship with him for once. On high levels Deity/immortal I almost always try to bribe him into war or others into war with him. Alexander is so hyper aggresive it isnt funny.",-1
civfanatics_most_annoying,civfan_user_5,1.0,Gandhi,Gandhi,3,Ghandi for being an ass,-1
civfanatics_most_annoying,civfan_user_5,1.0,Ramkhamhaeng,Ramkhamhaeng,3,"Ramkhamhaeng, I trusted him once...",-1
civfanatics_most_annoying,civfan_user_8,1.0,China,WuZetian,4,"China. I hate her. She is such, a stuck up little brat who can't prove crap on the battlefield.",-1
civfanatics_most_annoying,civfan_user_8,1.0,Monty,Montezuma,2,"After her, I'd say Monty, but he is quite enjoyable when he gets way over his ahead and says he's afraid of me.",1
civfanatics_most_annoying,civfan_user_9,1.0,the Ottomans,Suleiman,1,"The Ottomans. I always get DoWed by them early on, even though they never actually do any damage. They're attempting to be opportunistic early on, but it never seems to work out for them.",-1
civfanatics_most_annoying,civfan_user_11,1.0,Washington,Washington,0,Washington Hey I am a person who hates warmongers but also conqueres a lot of cities or worse my hole continent,0
civfanatics_most_annoying,civfan_user_11,1.0,Siam,Ramkhamhaeng,3,Same with Siam You are a warmonger but siam dude you just killed the ottomans,-1
civfanatics_most_annoying,civfan_user_12,1.0,Ghandi,Gandhi,3,"Ghandi because in one game I was friendly with him, returned his worker, and generally didn't do anything to tick him off, then he nuked the tar out of me in the name of victory! Ghandi has a low flavour for victory, but his flavour for nukes is so overwhelming that he, evidently, made an exception. Other civs might lead you on only to backstab you later, but Civ 5's Ghandi is the only guy with the patience to wait 6000 years before doing so.",-1
civfanatics_most_annoying,civfan_user_12,1.0,Ramses,Ramesses,4,"Ramses wins the silver because of his runaway AI tendency. I've played about 3 continents games, and in 2 of them he took over an entire continent of AIs.",-1
civfanatics_most_annoying,civfan_user_17,1.0,Elizabeth,Elizabeth,0,Elizabeth and Bismarck hate me the most.,0
civfanatics_most_annoying,civfan_user_17,1.0,Bismarck,Bismark,1,Elizabeth and Bismarck hate me the most.,-1
civfanatics_most_annoying,civfan_user_18,1.0,Babylon,Nebuchadnezzar,4,Babylon annoys me the most because of his walls of Babylon. They make it so much harder to take him out early on.,-1
civfanatics_most_annoying,civfan_user_20,1.0,Elizabeth,Elizabeth,0,"Elizabeth. Basically never friendly, and always an annoyance to deal with.",-1
civfanatics_most_annoying,civfan_user_20,1.0,Greece,Alexander,1,"I also really dislike the Civs who buy out every single city state, particularly when it's too early on for me to be able to afford to compete. Greece loves to do this, France too.",-1
civfanatics_most_annoying,civfan_user_20,1.0,France,Napoleon,1,"I also really dislike the Civs who buy out every single city state, particularly when it's too early on for me to be able to afford to compete. Greece loves to do this, France too.",-1
civfanatics_most_annoying,civfan_user_21,1.0,Elizabeth,Elizabeth,0,"Elizabeth. Basically never friendly, and always an annoyance to deal with.",-1
civfanatics_most_annoying,civfan_user_21,1.0,Greece,Alexander,1,"I also really dislike the Civs who buy out every single city state, particularly when it's too early on for me to be able to afford to compete. Greece loves to do this, France too.",-1
civfanatics_most_annoying,civfan_user_21,1.0,France,Napoleon,1,"I also really dislike the Civs who buy out every single city state, particularly when it's too early on for me to be able to afford to compete. Greece loves to do this, France too.",-1
civfanatics_most_annoying,civfan_user_21,1.0,catherine,Catherine,1,Yeah or a city state sydney wich I am allied with from the beginning the game and then suddenly in the renaissance catherine spend some gold on the city states and become the ally I steal it back because I was from me all allong in the game.,-1
civfanatics_most_annoying,civfan_user_22,1.0,Elizabeth,Elizabeth,0,"Recently it's been Elizabeth, who has been building the Great Wall, and then using Longbows against me from three spaces away as I slog through her territory So last time I encountered her I rushed and wiped her out, just for the fun of it.",-1
civfanatics_most_annoying,civfan_user_26,1.0,Hiawata,Hiawatha,0,"Freaking Hiawata, so many times where the idiot gets lucky and spawns on his own continent, forcing me to go for an overseas invasion, and because he always goes science without a really dumb focus (mostly meelee and siege in my experience) he's usually just behind me in army tech. Not to mention that he looks like a moron, not even a proper Indian chief, just some random scout with bad hair.",-1
civfanatics_most_annoying,civfan_user_26,1.0,Cathy,Catherine,1,"Second definitely Cathy, queen of spam, wasted so much time cleaning up her 1 pop tundra hovels. At least she looks nice though, and the only one with some cleavage, interesting how they turned Izzy into a supermodel but did not bother with much sex appeal, might as well have gone for a historically accurate depiction then.",-1
civfanatics_most_annoying,civfan_user_27,1.0,the Ottomans,Suleiman,1,"The Ottomans annoy me the most. They DoW from across the continent for no reason, with no chance of victory. Half the time I never see any of their units, then they ask for everything I have.",-1
civfanatics_strongest_ai,civfan_user_0,1.0,Shaka,Shaka,2,"Shaka, who tends to fall behind technologically after the medieval no matter how many people he kills... He also earns the ire of the world and subsequently gets gangbanged, leaving him with little actual opportunity to win games as an AI.",-1
civfanatics_strongest_ai,civfan_user_0,1.0,Alex,Alexander,1,"Alex because he will have a dangerous army from start to finish, but he won't fall behind on science or policies either because of his UA and the AI's tendency to spam buy city states to support its city growth for science and culture. Not to mention he will always have a giant military, and he will always have oil for airplanes. A huge threat to diplomacy and domination victory, not to mention not a neighbour you want to spawn beside.",-1
civfanatics_strongest_ai,civfan_user_0,1.0,Darius,Darius,4,"Darius, despite not being a heavy warmonger and oft times going tradition, is ridiculously good at it. He will skyrocket ahead of the competition in production (AI gets more happiness AND golden ages), science, policies, and wonders, and become an extremely dangerous opponent whether or not you decide to go to war with him. He will pose a threat to both cultural and science victories (I've seen him go rationalism way too often) if not taken care of quickly.",-1
civfanatics_strongest_ai,civfan_user_0,1.0,Catherine,Catherine,1,"Catherine has massive production boosts, and the AI tends to use that production for more settlers, army, and wonders. Not only that, but despite her city spamming tendencies she somehow keeps very strong on the science side, on top of oft times maintaining a considerable military presence. She is a threat to science and culture victory, and occasionally also a threat to domination.",-1
civfanatics_strongest_ai,civfan_user_0,1.0,Atilla,Attila,2,"Atilla, in particular, is infamous for this: It will destroy neighbouring AIs in the early game but burn their cities, making their conquests essentially fruitless in the long run. Eventually other people start settling where those cities were while Atilla keeps making armies, and Atilla quickly becomes irrelevant.",0
civfanatics_strongest_ai,civfan_user_0,1.0,Dido,Dido,2,"Runner up mentions for Atilla, Shaka, Dido, and the Khan. The problem with them is that they tend to fall off in the mid-late game and become irrelevant because they spent the entire early game focusing on military rather than infrastructure or science.",0
civfanatics_strongest_ai,civfan_user_0,1.0,the Khan,GenghisKhan,2,"Runner up mentions for Atilla, Shaka, Dido, and the Khan. The problem with them is that they tend to fall off in the mid-late game and become irrelevant because they spent the entire early game focusing on military rather than infrastructure or science.",0
civfanatics_strongest_ai,civfan_user_1,1.0,Cathy,Catherine,1,"Usually Cathy, Sejong are good candidate for that.",1
civfanatics_strongest_ai,civfan_user_1,1.0,Sejong,Sejong,4,"Usually Cathy, Sejong are good candidate for that.",1
civfanatics_strongest_ai,civfan_user_1,1.0,Maria,Maria,0,"If culture civs such as Maria, Napoleon, Ramses, Pedro, Kamehameha gets going with rationalism, they can also get pretty far ahead if they beeline internet.",0
civfanatics_strongest_ai,civfan_user_1,1.0,Napoleon,Napoleon,1,"If culture civs such as Maria, Napoleon, Ramses, Pedro, Kamehameha gets going with rationalism, they can also get pretty far ahead if they beeline internet.",0
civfanatics_strongest_ai,civfan_user_1,1.0,Ramses,Ramesses,4,"If culture civs such as Maria, Napoleon, Ramses, Pedro, Kamehameha gets going with rationalism, they can also get pretty far ahead if they beeline internet.",0
civfanatics_strongest_ai,civfan_user_1,1.0,Pedro,Pedro,4,"If culture civs such as Maria, Napoleon, Ramses, Pedro, Kamehameha gets going with rationalism, they can also get pretty far ahead if they beeline internet.",0
civfanatics_strongest_ai,civfan_user_1,1.0,Kamehameha,Kamehameha,0,"If culture civs such as Maria, Napoleon, Ramses, Pedro, Kamehameha gets going with rationalism, they can also get pretty far ahead if they beeline internet.",0
civfanatics_strongest_ai,civfan_user_1,1.0,Alex,Alexander,1,"And of course Alex, can win diplo if he really tries for it, which is rare, but happens.",0
civfanatics_strongest_ai,civfan_user_2,1.0,Attila,Attila,2,attila can run away with the game if he conquers enough capitals,-1
civfanatics_strongest_ai,civfan_user_2,1.0,Alex,Alexander,1,alex is always allied with every city state and their mother,-1
civfanatics_strongest_ai,civfan_user_2,1.0,America,Washington,0,america just magically comes out ahead nearly every game i see them for some reason,-1
civfanatics_strongest_ai,civfan_user_3,1.0,Egypt,Ramesses,4,"Egypt, their natural wonder mongering coupled with Tradition makes them a nice tall civ really frequently.",1
civfanatics_strongest_ai,civfan_user_3,1.0,Greece,Alexander,1,"Greece, Japan, Zulus as well",0
civfanatics_strongest_ai,civfan_user_3,1.0,Japan,OdaNobunaga,1,"Greece, Japan, Zulus as well",0
civfanatics_strongest_ai,civfan_user_3,1.0,Zulus,Shaka,2,"Greece, Japan, Zulus as well",0
civfanatics_strongest_ai,civfan_user_4,1.0,Shoshone,Pocatello,0,"Shoshone is the most competent AI in my experience. Expansionism + rationalism = fast, powerful wins.",1
civfanatics_strongest_ai,civfan_user_4,1.0,Korea,Sejong,4,"Korea CAN be really good, but since the Piety patch, he's a shadow of his former self. He used to go Tradition, Patronage, Rationalism and win very effectively.",0
civfanatics_strongest_ai,civfan_user_6,1.0,Poca,Pocatello,0,"yeah, Poca is one of the few AIs who does go Rationalism often",1
civfanatics_strongest_ai,civfan_user_7,1.0,Attila,Attila,2,attila can run away with the game if he conquers enough capitals,-1
civfanatics_strongest_ai,civfan_user_7,1.0,Alex,Alexander,1,alex is always allied with every city state and their mother,-1
civfanatics_strongest_ai,civfan_user_7,1.0,America,Washington,0,america just magically comes out ahead nearly every game i see them for some reason. Extreme wonder whoring and always ahead in the tech race.,-1
civfanatics_strongest_ai,civfan_user_8,1.0,Alexander,Alexander,1,Alexander is the strongest AI. And to prevent him from getting out of control I've reduced the amount of city-states.,0
civfanatics_strongest_ai,civfan_user_9,1.0,Alex,Alexander,1,"In my games, Alex, Cathy and Bismarck are perennial runaways.",-1
civfanatics_strongest_ai,civfan_user_9,1.0,Cathy,Catherine,1,"In my games, Alex, Cathy and Bismarck are perennial runaways. (Cathy is the AI I simultaneously dread and respect the most)",0
civfanatics_strongest_ai,civfan_user_9,1.0,Bismarck,Bismark,1,"In my games, Alex, Cathy and Bismarck are perennial runaways.",-1
civfanatics_strongest_ai,civfan_user_9,1.0,Casimir,Casimir,0,"Casimir, Pocatello and Suleiman are less frequently runaways, but they seem to always be at least relevant.",0
civfanatics_strongest_ai,civfan_user_9,1.0,Pocatello,Pocatello,0,"Casimir, Pocatello and Suleiman are less frequently runaways, but they seem to always be at least relevant.",0
civfanatics_strongest_ai,civfan_user_9,1.0,Suleiman,Suleiman,1,"Casimir, Pocatello and Suleiman are less frequently runaways, but they seem to always be at least relevant.",0
civfanatics_strongest_ai,civfan_user_14,1.0,Russia,Catherine,1,"Russia never threatens a victory condition in my games. She usually has an early rise through the power rankings (but as we all know, high score doesn't equal a win, unless time runs out.) Then she always seems to plateau.",0
civfanatics_strongest_ai,civfan_user_14,1.0,Babylon,Nebuchadnezzar,4,"Babylon and Korea are the worst for me. Whenever I see them in the game, I shift focus to ""which VC can I achieve before Neb/Sejong can build a spaceship""",-1
civfanatics_strongest_ai,civfan_user_14,1.0,Korea,Sejong,4,"Babylon and Korea are the worst for me. Whenever I see them in the game, I shift focus to ""which VC can I achieve before Neb/Sejong can build a spaceship""",-1
civfanatics_strongest_ai,civfan_user_14,1.0,Mongolia,GenghisKhan,2,I've found Mongolia to be the only one who can consistently convert his conquests into a chance at a victory condition.,1
civfanatics_strongest_ai,civfan_user_14,1.0,Alex,Alexander,1,"Alex also, but I don't consider him to be a true warmongerer. He plays into the diplomacy game heavily, likes to denounce and harass, and will declare war when he has a substantial advantage, but it's seldom that I see a puppetted or annexed Greek city.",0
civfanatics_strongest_ai,civfan_user_14,1.0,Zulu,Shaka,2,"puppets or annexes under the banner of Mongolia, Zulu, Huns, or Assyria are much more common in my games.",0
civfanatics_strongest_ai,civfan_user_14,1.0,Huns,Attila,2,"puppets or annexes under the banner of Mongolia, Zulu, Huns, or Assyria are much more common in my games.",0
civfanatics_strongest_ai,civfan_user_14,1.0,Assyria,Ashurbanipal,2,"puppets or annexes under the banner of Mongolia, Zulu, Huns, or Assyria are much more common in my games.",0
civfanatics_strongest_ai,civfan_user_14,1.0,Rome,Augustus,1,"Others that I've found to really compete are Rome, Poland, Ethiopia, Siam, Arabia, and the Iroquois.",1
civfanatics_strongest_ai,civfan_user_14,1.0,Poland,Casimir,0,"Others that I've found to really compete are Rome, Poland, Ethiopia, Siam, Arabia, and the Iroquois.",1
civfanatics_strongest_ai,civfan_user_14,1.0,Ethiopia,Selassie,3,"Others that I've found to really compete are Rome, Poland, Ethiopia, Siam, Arabia, and the Iroquois.",1
civfanatics_strongest_ai,civfan_user_14,1.0,Siam,Ramkhamhaeng,3,"Others that I've found to really compete are Rome, Poland, Ethiopia, Siam, Arabia, and the Iroquois.",1
civfanatics_strongest_ai,civfan_user_14,1.0,Arabia,HarunAlRashid,4,"Others that I've found to really compete are Rome, Poland, Ethiopia, Siam, Arabia, and the Iroquois.",1
civfanatics_strongest_ai,civfan_user_14,1.0,Iroquois,Hiawatha,0,"Others that I've found to really compete are Rome, Poland, Ethiopia, Siam, Arabia, and the Iroquois (though Hiawatha hasn't been doing as well as he used to, before some patches.)",1
civfanatics_strongest_ai,civfan_user_14,1.0,Venice,EnricoDandolo,4,I don't know how Venice would fare in the games where he does a little better because I always take his capital when it becomes juicy enough.,-1
civfanatics_strongest_ai,civfan_user_15,1.0,Gandhi,Gandhi,3,Oh I know: ...NUCLEAR GHANDI!!!,-1
civfanatics_strongest_ai,civfan_user_16,1.0,Arabia,HarunAlRashid,4,"it's rare i see them in a game not completely dominating the science game renaissance and beyond, even if they're less relevant early.",0
civfanatics_strongest_ai,civfan_user_16,1.0,Poland,Casimir,0,"poland, iroquois and the zulu are also heavy hitters",1
civfanatics_strongest_ai,civfan_user_16,1.0,Iroquois,Hiawatha,0,"poland, iroquois and the zulu are also heavy hitters",1
civfanatics_strongest_ai,civfan_user_16,1.0,Zulu,Shaka,2,"poland, iroquois and the zulu are also heavy hitters",1
civfanatics_strongest_ai,civfan_user_17,1.0,the Zulu,Shaka,2,"Zulu are certainly the worst neighbor in the game, but have you seem them actually contest for a victory condition? Threatening to wipe me out, sure, almost every game. But as far as achieving either diplomatic, cultural, domination, or spaceship victory, I've never seen him come close.",-1
civfanatics_strongest_ai,civfan_user_18,1.0,Shaka,Shaka,2,"Zulu are certainly the worst neighbor in the game, but have you seem them actually contest for a victory condition? Threatening to wipe me out, sure, almost every game. But as far as achieving either diplomatic, cultural, domination, or spaceship victory, I've never seen him come close.",-1
civfanatics_strongest_ai,civfan_user_18,1.0,Theodora,Theodora,4,"However, Theodora is coming to kick your face in... ...hail the Byzantine space victory! I mean, is there a more consistent runaway than Byzantium?",-1
civfanatics_strongest_ai,civfan_user_21,1.0,Sweden,Gustavus,0,I had a game last night where Sweden forward settled a city two tiles away from my borders. He was trying to get the two salt that I was waiting for my second city to expand to (I had settled it a few turns earlier). Out of nowhere he appeared and settled.,-1
