source,author,upvotes,message_text,upvotes_normalized
im_a_noob_can_you_describe_all_civ_personalities,XxDiCaprioxX,140,"America: Washington is a dick and likes to denounce and also to backstab, is oretty shit at it tho so usually becomes irrelevant later.

Arabia: Harun is quite peaceful, but has a tendency to be strong on higher difficulties.

Assyria: Ashurbanipal is not that good at keeping up, when you're advancing to mid- and endgame, but throughout he is an annoying warmongerer and is likely to attack you early at least once.

Austria: Maria Theresia is very laid back and a big non-aggressor. However, she will likely become annoying diplomatically no matter what and her buying city states also sucks.

Aztec: Montezuma is a huge warmongerer and if you spawn next to him he will attack you early. He is aggressive and constantly tries to go to war.

Babylon: Nebuchadnezzar focuses on science and is very good, but not amazing, at it. He is unlikely to declare war on you but will be pissed pretty quickly, so don't expect a great friendship. He often stays strong until the end game and is a serious contender for science victory.

Brazil: Pedro is very loyal and friendly, as long as you do not get any warmonger penalties. As soon as he sees you as a problem, you are instantly his worst enemy basically. He won't war you, but he will find every possibility to diplomatically be an ass. He will strongly focus on culture and try to grab all the culture buildings for max tourism.

Byzantium: Theodora is very neutral in most aspects and won't be able to make good usage of her early unique units because she is more peaceful than war-focused. She will likely spam a fuckton of missionaries your way tho.

Carthage: Dido is a backstabber throughout the game, however your military is not that amazing usually. She focuses on expansion and getting some troops, usually either losing wars to the ai or teaming up with them to annoy you.

Celts: Boudicca is pretty loyal as long as you don't get multiple reasons for her to dislike you, then she might become unfriendly again. Also, if your military is week, you might be subject to an early game attack.

China: Wu Zetian always goes honor and tries to build up  a sizeable army with Chu-Ke-Nus(?). If there is a natural wonder close, hurry up or she will claim it faster. Expect her to be guarded quickly, but not an aggressor.

Denmark: Even on low difficulties, Harald Bluetooth is an arsehole and warmongerer, which only becomes worse on higher ones. He will try to build up a big military and do a mixed land and naval attack if possible. He is, however, not good at science, culture or anything alike so he will become irreleveant over the course of the game.

Netherlands: William is a diplomat, never focusing on anything but trade, agreements, and denouncing those he doesn't like, which might be you. He doesn't really build an army and thus is quite easy to conquer.

Egypt: Ramesses likes two things: spamming wonders and sending missionaries. His ability favors the first, too, so if he is in your game, less wonders for you. He won't war you if he isn't certain he'll win, but I'd still watch out he doesn't becone too powerful.

England: Elizabeth will build a big navy, but the ai is generally bad at naval warfare, so you should be safe. She always wants to know whether you would be interested in a trade agreement with England. She is reserved and doesn't change her opinion of you quickly, but if it changes, it might stay that way for the whole game.

Ethiopia: Haile Selassie is often in the middle of the field, not leading in science or dominating with culture but also not falling behind on everything. He is very cocky and will be caught up in wars late game. He is an okay neighbour but chances are, he will get annoyed at everything you do.

France: Napoleon is very balanced: He will build a sizeable, but not overly strong military, he might get a few wonders in, he will do some cultural stuff. Overall, France isn't really an outstanding civ so he likely will be on the weaker side.

Germany: Bismarck is loyal, unless you directly harm his interests, shich can make him a powerful ally at duo-warring the game leading civ. Aside from that, he will cause diplomatic turmoil so be prepared for that.

Greece: Alexander is extrenely annoying as he will buy all city states and then declare war on you, no matter what you do.

Huns: Attila is likely to war someone, if you are his neighbour, that someone is you. 

Inca: Pachacuti is friendly at first, but he becomes guarded and even hostile fater than many others. He doesn't have any traits that really set him apart, but he likely won't be weak in your games.

India: Gandhi loves peace. The only thing Gandhi loves more, is nuking you. This is not just a meme by the way, he literally has a value for that. Anyway, expect him to denounce you for any act of aggression and fall behind late game.

Indonesia: Gajah Mada is an illoyal missionary spammer, that constantly either wants to war someone together with you or wars you. Avoid him as a friend, pick his enemies over him.

Iroquis: Hiawatha is peaceful and friendly, loyal and supportive. He will grab a shit ton of land tho, so if he is next to you, you have to settle as fast as you can. He will not build a huge army or go nto aggression at all usually, but the settling will make you aggressive no doubt.

Japan: Oda Nobunaga will try to go to war and fail miserably, usually. On occasion he might be strong but in 99% of the cases he sucks.

Korea: Isolationist science spammer. Sejong focuses on science and often tries to avoid any contact to foreign people. If he is in your game, watch out for him and, if necessary, eliminate him. On the highest difficulties, he is one of the most likely people to steal your victory.

Maya: Pacal will build a lot of wonders and send a lot of missionaries your way. He will also hate you for anything you do. Often, war becomes inevitable late game.

Mongolia: Thankfully, the ai doesn't know how to utilize the keshiks, since they are brutal. Gengis Khan alwayas attacks random city states and is moderately successful at it. He is also very loyal unless you do something extremely against his interests multiple times. He often gets rekt by the other ais.

Morocco: Ahmad will build a strong economy and try to get petra. He will make use of defensive unitd to protect himself, as he will likely be the defender, not the aggressor in wars. He is diplomatically active and likes to buy city states.

Ottoman: Suleyman always tries to go to war and makes plans. He builds an army and a navy, but is not good at using either, so he won't develop into a real threat.

Persia: Darius is good but not great in all aspects and behaves accordingly.

Poland: Casimir is often focused on building up a land army of winged hussars, which are pretty strong units, and going for the attack on whoever is close to him. Can become really annoying, when he takes over his entire continent and snowballs the game. He is focused on war, diplomatically probably everyone hates him, so don't befriend him, he might backstab you.

Polynesia: Kamehameha will likely forward-settle you, which is stupid, but otherwise is quite friendly, if he is your neighbour. If he isn't totally overpowering you, he will stay friendly. He might try to get you to war others tho, so you gotta prepare for being asked to join his campaigns constantly.

Portugal: Maria is a stupid bitch. Enough said.

Rome: Augustus is good at building a military and will also dedicate some time to get multiple good cities up. Overall, he has a more military focused personality but will try to grab the occasional wonder or city state alliance. He won't get a religion likely. Expect him to fall off after the renaissance.

Russia: Aside from Catherine trying to seduce you she does very well most games. Her bonuses favor her going order and she always does no matter what. She might get a religion. She will build up a respectable army and also try to go hard on resources. Expect her to snowball if she has her own continent to herself.

Shoshone: Fucking Pocatello. This guy grabs a ton of land, settles cities near you, and grabs even more land. Then, he complains about you settling close to him. The problem is, due to getting this op amount of land, he will also do good in the games and might come in hot for science victory, too.

Siam: Ramlhamhaeng will try to ally all city states. He is not very good at anything beside that and his army is usually inferior, but being at war with city states isn't great either I guess. He is unfriendly and will denounce you no matter what. If he is your neighbour, you should eliminate him at some point.

Songhai: Askia likes to send missionaries your way like there is no tomorrow. He will be friendly early, but late game he could declare war on you if he sees fit. He might also occasionally terrorize your city states, which is dumb.

Spain: Isabella has a very volatile personality, but expect her to be nice enough to you. If she gets a religion and a religious natural wonder, she will be the most annoying christian you have ever seen. She might send out conquistadores to settle in the mid game.

Sweden: Gustavus Adolphus someohow always becomes friends with everyone so you have to befriend him, too, even though is a major douchebag. He will try to grow big cities and get a lot of great people. Not really a victory contender, but a pain in the ass nonetheless.

Venice: Enrico Dandolo is focused on trading, buying city states and becoming allies with other city states. If he buys cultural city states, it can be very frustrating. Aside from that, he is quite friendly but usually someine will hate him.

Zulu: If he spawns near you, you will be at war multiple times, no choice given. Otherwise, he is a loyal ally if you have the bigger stick.",2.47
im_a_noob_can_you_describe_all_civ_personalities,jonatanr2000,29,Really great answer! I enjoyed reading all of it.,1.78
im_a_noob_can_you_describe_all_civ_personalities,recordlineup,15,"Haha ""Maria is a stupid bitch"". Best answer by far",1.49
im_a_noob_can_you_describe_all_civ_personalities,trovao9p,5,"As an Portuguese my self I used for my first time in this game, Wich was 2 days ago :)",1.01
im_a_noob_can_you_describe_all_civ_personalities,recordlineup,1,Haha that's great. Hope you enjoy the game as much as I do. 3200+ hours and counting and I keep coming back!,0.3
im_a_noob_can_you_describe_all_civ_personalities,PeanutButter1Butter,11,"This is a good run down of the Civs. Some of them I can’t personally verify because I usually spawn far away from them, like Portugal. 

It was also neat to read about some behavior the AI never displayed to me, even if I was their next door neighbor. For example, Askia liking to repeatedly send missionaries or Poland being a warmonger against me. 

Overall, good list.",1.36
im_a_noob_can_you_describe_all_civ_personalities,XxDiCaprioxX,7,"Thanks haha, glad you liked it. To Poland: they only do that when their neighbour is ai, they never did it to me",1.16
im_a_noob_can_you_describe_all_civ_personalities,iFlyAllTheTime,6,I'm saving this answer 'cause I enjoyed reading every bit of it!💛,1.09
im_a_noob_can_you_describe_all_civ_personalities,XxDiCaprioxX,1,"Haha thanks, I enjoyed writing it, too &lt;3",0.3
im_a_noob_can_you_describe_all_civ_personalities,empty_yellow_hat,6,Damn! High effort response to a low effort post.,1.09
im_a_noob_can_you_describe_all_civ_personalities,XxDiCaprioxX,6,"True, but I just had fun packing all my experiences with these civs into short descriptions",1.09
im_a_noob_can_you_describe_all_civ_personalities,SpicyTKettle,1,"Ah yes, I was due for another civ5 bender",0.3
im_a_noob_can_you_describe_all_civ_personalities,Robdd123,5,"There are only a few main categories you can break the civs down into and sometimes they'll vary or cross over. For example on a scale of 1-10 Shaka has an expansion score of 11 (legit) so he'll spam a ton of cities. However he also has one of the highest warmonger flavors so is he a war monger or city spammer? He tends to flux which is my point. 

First category is the religious civs: Arabia, Byzantium, Celts, Ethiopia, etc. These all focus heavily on religion. Some can be agressive ( Songhai, Indonesia, Celts) but most will be peaceful. However they will try to spread their religion to you and will be very upset if you spread yours to them. 

Next are the Wonder Spammers: Netherlands, Egypt, Inca, Maya, etc. This category can fluctuate since most civs can be a wonder whore but certain civs will consistently go for it. They'll stay relatively peaceful but can snowball out of control with their wonders. 

There's the City State Hogs: Greece, Siam, Venice, Austria, etc. Because of their high priority to protect city state and their influence over them they'll usually get pissed off pretty quickly. Sometimes it'll just be something like becoming an ally with a city state they coveted; in the extreme case of Greece they'll get pissed at any city state you ally with, even if it's across the entire map from them. They'll look to win via world leader votes in the world congress. 

The Expansionist Civs: America, Shoshone, Iroquois, China, Poland, etc. These civs will spam a ton of cities all over the map usually forward settling you in the process. In a vaccuum some are peaceful but because they expand so much your borders will wind up being close which will draw their ire. Even still they will need to be dealt with anyway lest they snowball out of control with 30+ cities. 

The Science Civs: Babylon, Korea, Russia. This is a pretty small category and even some of the heavy science civs will not fully commit to science. The AI really doesn't like it at all which is their Achilles' Heel. The reason why I throw Russia in here despite it also being expansionist is because they're one of the few civs who will usually support science funding through the world congress consistently. Most civs will hate you for proposing it and will tend to side with arts funding. These civs on paper should go for a science victory but this victory in general is a slow one for the AI to pull off. 

Finally the Warmongers: Shaka, Attila, Caesar, England, Assyria, Japan, Aztec, Mongols, Carthage etc. These civs will hate your guts and will covet your lands immediately upon meeting them. They'll declare war early and often and have the units to back them up. They will need to be dealt with head on or they will become a problem that will haunt you throughout the game.",1.01
im_a_noob_can_you_describe_all_civ_personalities,veerraka,2,Watch filthyrobot's tier list. Its amazing. https://youtu.be/jhTdDH0VU5A,0.61
im_a_noob_can_you_describe_all_civ_personalities,JJAB91,2,"Thats just him talking about what the civ bonuses and uu are, its says nothing about their AI personalities.",0.61
im_a_noob_can_you_describe_all_civ_personalities,Whotakesmename,1,"Listen kid, you don't need to know anything but this:  
Shaka - He's Shaka",0.3
most_annoying_civ_in_the_game,KalegNar,67,"Alexander the Great. That bastard. 

The first couple times I saw him, he was a minor power without any capability compared to the other countries. So I didn't get why people hated him. 

Then I met him on turn 3 or so. 

Let me give you a lay of the land. I had a minor little river valley. And there was a narrow landbridge that connected our two areas. To my South past some hills and mountains was Persia. 

I decide to conquer Persia and take their capital and second city. (Then there was a desert dividing to where the new Persia homeland would be.) Right after that, Alexander attacked, rushing me with hoplites and companion cavalry. 

But no. That wasn't enough. He also had to ally with the city-state to my capital's immediate West, destroying my trade route and harrassing that front while he came from the East. But thankfully I pushed him back. 

Then, despite the very clear natural borders of our regions, he sends a settler over on my side of the landbridge. War number two ensues. And I think he attacked me another time. 

So after having dealt with these Greek incursions I keep a defensive force on my Greek border. What does Alex do? ""Those troops inside your border are too close to my border. You want a war?"" Well fuck him. Why not? I'll admit I was quite glad to see him give up city after city in the peace accords over the next 4/5 wars that ensued over that. When I saw his defeat screen, I celebrated.",2.52
most_annoying_civ_in_the_game,2woke4ufgt,21,I hate him more for slowing banning all my luxuries one by one in the world congress with his 24 votes.  Then he declares war on you so you can't bribe any of his city states.,1.93
most_annoying_civ_in_the_game,KalegNar,11,"Oof. Not gonna lie, it stuff like that which makes me engage in genocide. The Greeks can't ally the city-states if there are no Greeks.",1.59
most_annoying_civ_in_the_game,majdavlk,3,Not even coup de etat ?,0.92
most_annoying_civ_in_the_game,[deleted],7,"Alexander was my immediate answer too, but for a different reason. When the world Congress rolls around, he usually has enough CS allies to unilaterally bully anybody he likes. If you're doing well for yourself, he *will* single you out. He'll embargo you. Ban your main cash crop. Vote for arts funding when you need science. 

I don't have a problem with any of this when it plays out in the arena of world diplomacy. But when *one guy* can fuck you over so easily, it's just so annoying. This has led me to always attempt to exterminate Alexander before the world congress, diplomatic penalties be damned.",1.36
most_annoying_civ_in_the_game,Crit-Monkey,5,Alexander is the reason I play with diplomatic victory disabled,1.19
most_annoying_civ_in_the_game,Muffjuggler1295,28,Shaka.  If he's nearby.  Otherwise maybe Ethiopia.,2.07
most_annoying_civ_in_the_game,2woke4ufgt,7,At least Shaka will give you lots of great general points and unit experience.,1.36
most_annoying_civ_in_the_game,Doctor_Croc,11,"I honestly hate playing against Ethiopia, Haile Selassie’s AI is so annoying. Spams missionaries and prophets nonstop, always covetous of your wonders, just generally really pissy if you do anything aside from peacefully turtling all game. Total killjoy.",1.59
most_annoying_civ_in_the_game,jumpsmash5,23,WHERE on EARTH is GREECE?!,1.97
most_annoying_civ_in_the_game,hawkseye17,20,Hiawatha due to city spam and Ramkhamhaeng as a close second due to constantly spying on me,1.9
most_annoying_civ_in_the_game,RedBaronKaren,17,Every time I see one of these it’s amazing just watching everyone agree that Alexander is a giant fucking douche.,1.82
most_annoying_civ_in_the_game,Robdd123,15,"Dido is super annoying if she's close; I don't know what the programmers did to her AI but it's completely unhinged. She'll declare war, then ask for friendship, backstab you and then denounce you. She's like a crazy ex. 

Out of that list hiawatha is definitely the most annoying. Boudicca usually gets beat up on by other civs after the early game and Ethiopia usually just tries to turtle. Korea is major threat rather than an annoyance. So it's either RamkamTrollface or city spamming Hiawatha. RamkamTrollface will spam too but it'll just be his usual ""plant a city 3 tiles away from your capital"" strat. Hiawatha spams everywhere, any available piece of land is fair game. Then you have to go through about 6 of his crappy cities just to get to his capital and since they're all so close two cities can bombard your units at once. 

Greece is that odd combination of being a major threat and being a major annoyance at the same time. Alex can completely spiral out of control past the mid game but his tendency to hog all of the city states makes things very annoying going into the world congress and just trying to get more allies for yourself. One other honorable mention is Venice simply because once they buy a city state it's lost forever; even if you take the city you can't ever liberate. This is especially annoying when it's a mercantile city state where you're also losing their unique luxury. Also he's a wonder spamming bitch.",1.75
most_annoying_civ_in_the_game,XxDiCaprioxX,2,"To Dido: I played a game as Denmark today and had her as my neighbour. She was currently trying to get me to declare war on someone with her while being friends with that person at the same time, then get hammered and make peace, then bully my city states, then declare war on me, lose, make peace and denounce me. Was a pleasure to finally take her out.",0.71
most_annoying_civ_in_the_game,KrandoxReddit,11,"Hiawatha spams cities everywhere, Boudicca spams missionaries everywhere, Ramkhamhaeng is just a bitch, Haile Selassie is like Boudicca but a bit less annoying, Korea aint much of a problem most of the time tbh",1.59
most_annoying_civ_in_the_game,2woke4ufgt,4,There wasn't enough space for me to add Alexander.,1.07
most_annoying_civ_in_the_game,[deleted],4,"Usually two things happen to Korea - he either gets taken out by a warmonger, or he becomes a monster in the late game. If Korea is your neighbor I’d kill him with xBows, because in the late game he goes crazy with science and his personality turns into that of Shaka’s. I think he is often considered one of the biggest actual AI threats to beat you on Deity",1.07
most_annoying_civ_in_the_game,KrandoxReddit,2,"Cant judge, never had a Korea AI live til late game. Only thing I know is that it's pretty bad at defending itself up to industrial/modern era",0.71
most_annoying_civ_in_the_game,flyfire2002,7,"Greece, good luck being their neighbors, not to mention the city state snatching.

Inca, somehow if they are not properly checked, can get super scary with both high tech (war tech, not even necessarily a cultural rush) and tourism",1.36
most_annoying_civ_in_the_game,2woke4ufgt,7,For me it's Haile Selassie.  I'm pretty sure he's been in 11 of the last 12 games I've played and he ALWAYS ruins my Religious Community in the late game with his shitty religion.,1.36
most_annoying_civ_in_the_game,Bstnsportsfan20,3,I agree 💯!! He’s the worst!,0.92
most_annoying_civ_in_the_game,wyvernzu1,6,"lol I remember a while ago in a Civ 5 forum there was a voting for the 7 best AIs and 7 worst AIs in a game pursuing science victory on Deity standard speed &amp; map size (best and worst in terms of how much benefits you could get out of them and how much damage they could cause you, increasing/decreasing the number of turns needed for science victory). The results were:

7 best AIs to have:

The Netherlands, Arabia, Morocco, Sweden, Ethiopia, The Maya, Brazil

7 worst AIs to have:

The Zulu, Greece, The Iroquois, England, The Shoshone, Polynesia, Venice",1.28
most_annoying_civ_in_the_game,iamchuckdizzle,6,"Venice is kind of a two-edged sword. Yeah they buy city states, but they also can give you free real estate.",1.28
most_annoying_civ_in_the_game,DebilWG,6,"Attila. If you dont restart right away, he ruins your whole early game, you need to build army instead of infrastructure, workers or wonders or else you get early rushed. If you survive his early gane attacks you have been left behind by other civs and Attila forward settles you 24/7. You still need to build army because he WILL attack you atleast once in 25 turns throughout the whole game and then makes peace and repeat after another 25 turns. Basically you need to build units just because of him and forget building wonders or buildings.",1.28
most_annoying_civ_in_the_game,YoureDamnRightWow,5,I wanted to vote twice,1.19
most_annoying_civ_in_the_game,civnub,4,"Attila the hun : Other civs expanding/teching up/getting religion/wonders/trade? Nope you have to spend 5000 production on an army and get ready for those rams and donkey archers.  


Having him as a neighbor is like sitting on a thorn.",1.07
most_annoying_civ_in_the_game,SuperDevton112,3,"Egypt, they build ancient wonders to fast",0.92
most_annoying_civ_in_the_game,bikes_r_us,7,Austria. Buys up all the city states so you cant ally them and uses them to gain cities right on your borders.,1.36
most_annoying_civ_in_the_game,CMDR_black_vegetable,3,"Maya. They have a bias to going theology, so he usually builds the religious wonders that I also want, and on the way there he steals Oracle as well. Sometimes goes tradition and spams the rest of the wonders as well. Only acceptable as a direct neighbour, since he is quite peaceful so it's relatively easy to steal his workers and his settlers.",0.92
most_annoying_civ_in_the_game,iamchuckdizzle,3,Whichever AI keeps sending prophets to try to convert my capital.,0.92
most_annoying_civ_in_the_game,White_Lord,6,How can you do a survey like this without Alexander? Never met him? Sweet summer child...,1.28
most_annoying_civ_in_the_game,Chisco202,2,Fucking George Washington.,0.71
most_annoying_civ_in_the_game,[deleted],3,If he is your neighbor he’a really annoying but if not he can be a pretty good ally because he DoFs easily and can be bribed to war ppl easily,0.92
most_annoying_civ_in_the_game,Rameon_Dryan716,2,"I hate Ghengis khan, dude kept spying and getting caught every turn on the longest mode and I couldn’t declare war and take his only city because he already went for a peace treaty because I couldn’t take his capital atm after I lost everything taking his fountain of youth city.",0.71
most_annoying_civ_in_the_game,[deleted],3,What I hate the most about Genghis is his propensity to kill your neighbor cultural city state. But he’s not completely bad to have because he’s a good target for denouncing to get everyone else to like you (because of his propensity to kill CS),0.92
most_annoying_civ_in_the_game,Rameon_Dryan716,1,"True, and that was a problem I had with Askia because he can’t conquer anyone other than city-states so he just attacks all my friends because he is too far for me to amass my troops without another country trying to sneak up on me",0.36
most_annoying_civ_in_the_game,[deleted],3,"Askia I’ve noticed likes to warmonger early and go diplo late game. He, like Korea in my experience is usually boom or bust - he’s either the biggest threat to win the game or he gets destroyed and becomes irrelevant",0.92
most_annoying_civ_in_the_game,Rameon_Dryan716,1,Yeah that makes a lot of sense honestly,0.36
most_annoying_civ_in_the_game,[deleted],2,"INDONESIA. Punchable face, and a deceptive warmonger who hates warmongers. The Civ 5 AI equivalent of a NiceGuyTM. 

Close 2nd is Oda - he’s just a plain psychopath - imo he’s even harder to deal with than Shaka or Atilla",0.71
most_annoying_civ_in_the_game,jorgepinata,2,"It’s Pocatello.

Personality-wise, he’s a bro, and while I love having him in a game, if he’s my closest neighbor I will reroll. Especially on Deity, his UA eats up so much territory before I can even think about making a settler that the game is often over before it begins.",0.71
most_annoying_civ_in_the_game,2woke4ufgt,2,One time I played as Venice and Pocatello's second settler (on diety) stole all my workable tiles on turn 3.,0.71
most_annoying_civ_in_the_game,[deleted],2,Alexander no doubt. Either fucks you through diplomacy or just takes up your civ allies or takes you,0.71
most_annoying_civ_in_the_game,tevoibataie,2,"Alexander the Great, no comment.",0.71
most_annoying_civ_in_the_game,ruiluth,2,No hate for Spain? Isabella is always backstabbing me and getting pissy about religion.,0.71
most_annoying_civ_in_the_game,Tripredacus-Agent,2,"France. Every time I am playing a game where I am not going to be paying attention to military, and not playing as France, there is France, first civ I meet! And some time later he has musketeers and says my army is a little weak.",0.71
most_annoying_civ_in_the_game,2woke4ufgt,2,"The thing the AI is too dumb to understand though is that even though it has 15 musketeers, they still have to cross 2 rivers and 3 floodplains to even reach my 60 combat strength city with an artillery piece inside.",0.71
most_annoying_civ_in_the_game,alodemonidGD,2,That Zulu guy(I forgot his name).,0.71
most_annoying_civ_in_the_game,Fable115,1,Why do so many ppl dislike Siam?,0.36
most_annoying_civ_in_the_game,[deleted],2,"He became a meme after Marbozir but he’s in my experience not the most annoying - he complains a lot and is a warmonger who hate warmongers, but honestly he often gets taken out before Industrial either by me or by some warmonger in my games",0.71
most_annoying_civ_in_the_game,[deleted],2,Prolly the biggest singleplayer Deity youtuber,0.71
most_annoying_civ_in_the_game,2woke4ufgt,1,Marbozir probably.  He does tend to forward settle you a lot in my experience and complain about your relationship with city states.,0.36
most_annoying_civ_in_the_game,Hour-Shelter-2541,1,He backstabs be in about half the games I play with him,0.36
most_annoying_civ_in_the_game,thedogz11,1,"He's a backstabbing fucker. My current game he played alllll nice with me, I gave him open borders, gave him some free luxuries along side some free horses and iron,  made a declaration of friendship, and THEN the fucker proceeds to take all the free shit I gave him, build a nice army and fucking denounce/declare war on me like 5 turns later. That little shit. Had to wipe him off the map after that.",0.36
most_annoying_civ_in_the_game,CertifiedBreads,1,"Ramkanghang will march an army of prophets into your lands and convert all your cities even after him agreeing not to, the only way to deal with him is total annihilation",0.36
most_annoying_civ_in_the_game,G3llade,1,"Genghis Khan, Ashurbanipal, Maria Theresa.

These motherfuckers are always on my game, especially Ashurbanipal. Today in an emperor game Austria decided to marry with like 4 city states.",0.36
most_annoying_civ_in_the_game,SaveEmailB4Logout,1,Y U hate on my gurl Bou?,0.36
most_annoying_civ_in_the_game,2woke4ufgt,2,"Tbf she's only particularly annoying if you care about getting your own religion, or keeping it if she's your neighbor.",0.71
most_annoying_civ_in_the_game,SaveEmailB4Logout,1,"Unlike a lot of others, I don't recall her ever playing unfair. She doesn't spam prophets  or missionaries if you don't spam yours so you only need to balance her natural pressure against your own and that's that, unlike Isabella or Theodora. Basically, she is programmed to not step on your toes if you don't step on hers but unlike Theodora or Napoleon she won't forgive you if you do.",0.36
most_annoying_civ_in_the_game,TomHast03,1,"Indonesia 
I literally had more then 10 times his power, I took all his cities and took his land with 3 great generals. I let him keep his worthless capitol so I could bully more since I already took all other capitals.

But the bastard just had to continue mocking me until I nuked him.
I took a small break from the game after that",0.36
which_ai_leaders_do_you_like_and_hate,matthkamis,33,Alexander. Always Alexander.,2.5
which_ai_leaders_do_you_like_and_hate,ngshafer,24,"I have one, and exactly *one* strict rule when I play ""Civilization V.""

If Enrico Dandolo is on the planet ...

He ... Will ...

DIE!",2.31
which_ai_leaders_do_you_like_and_hate,lluewhyn,3,[https://steamcommunity.com/sharedfiles/filedetails/?id=3347057049](https://steamcommunity.com/sharedfiles/filedetails/?id=3347057049),1.07
which_ai_leaders_do_you_like_and_hate,Chookity-poks,6,"Hahaha it’s so funny how almost universal this is. She and also Maria Theresa of Austria. NO ONE is allowed to F*** with my city-state boys, NO ONE!",1.48
which_ai_leaders_do_you_like_and_hate,Chintek45,8,"LIKED

Pedro. He'll never go to war with you and will always be chill and friendly with you as long as you're not a warmonger.

Gandhi. Also chill and almost always friendly. Never had any issues with him.

Ahmad al-Mansour. Pretty chill and peaceful guy, never had any issues with him.


HATED

Enrico Dandolo. Buys every city-state in the vicinity and constantly spams Missionaries. If Venice could settle more than one city, they'd be the most annoying civ in the game. Whenever Venice is in my game, I make it a priority to destroy them as soon as possible.

Alexander. Spams cities and always forward-settles you, then steals all of your city-state allies. He will also absolutely go to war with you if he perceives you as weak.

Haile Selassie, who immediately maxes out Piety and spends the rest of the game spamming Missionaries and Great Prophets. If he's in the game, he's high on my kill list.

Hiawatha, for obvious reasons.

Harun al-Rashid, Casimir and Catherine for their city spam (though nowhere near the level of Hiawatha).

Washington. Normally chill and friendly, but is a backstabbing turncoat who will absolutely go to war with you if you're weaker than him.",1.66
which_ai_leaders_do_you_like_and_hate,Gibs960,5,"Ghandi. 

It goes back to a feud years ago. They were one side of the Germans, and I was the other. They asked if I'd go to war with them against Germany. 

They didn't send a single unit, and the Germans managed to take two of my cities. Admittedly, I was woefully unprepared, but I've never forgiven their cowardice.",1.38
which_ai_leaders_do_you_like_and_hate,Experimentzz,3,That’s me with Suleiman. Literally a decade old feud at this point but him and I were friends all throughout the game. He helped me fight off France and was the game bully but he and I were tight. Then randomly backstabbed me around industrial era and I have yet to let it go. I now go out of my way to wipe him out much like everyone here does to Alexander.,1.07
which_ai_leaders_do_you_like_and_hate,Bicepticlops,6,"I just did a game yesterday where Alexander IMMEDIATELY denounced me upon meeting and was hostile the entire game, declaring war nonstop.",1.48
which_ai_leaders_do_you_like_and_hate,Voffmjau,6,Alexander. If I spawned next to him and dont have a godlike start Im just quitting.,1.48
which_ai_leaders_do_you_like_and_hate,MathOnNapkins,1,"If you spawn next to him that's the best case scenario, as he can be crippled. I have had several games where I don't meet him until much later and he was snowballing out of control by that point.",0.41
which_ai_leaders_do_you_like_and_hate,christine-bitg,6,"I hate Alexander, Montezuma, and perhaps to a lesser extent, the guy who runs the Zulus.

Alexander makes life difficult by taking control of the city states, then making game harder and harder via votes in the world congress.

Montezuma is forever aggressive, and the Zulus are too.",1.48
which_ai_leaders_do_you_like_and_hate,Hopeful-Repair-1121,3,"Maria Theresa of Austria - she denounced me for no reason, expansionist, when she allied to a city state beware, she will absorb it to her empire, she need to be wipeout at early game before her unique ability at use

Augustus Caesar of Rome - backstabber, expansionist, very quick to denounce, don't fight him at Classical age

Pocatello of Shoshone - expansionist, he expands very fast and because of his ability, he has a large swath of lands, declaring me also an expansionist
he also build a lot of wonders

Haile Selassie of Ethiopia - very challenging if you are aiming for domination victory, must be wipe out early before his unique units at use, he must not built both Great Wall and Himeji Castle 

Hiawatha of Iroquois - expansionist, he expands all the time even for useless tiles

Alexander of Greece - very hostile as a neighbor, very quick to denounce, he will buy and allied to all city states, must be wipeout at the beginning of the game before his unique units came in the game, he must not secure a lot of gold because he will easily allied to the city states

Bismarck of Germany - expansionist, very quick to denounce,warmonger and he hates warmongers hypocrite, He must be wipeout in midgame before the Panzers came in the game

Wu Zetian of China - don't be fool for her beauty, she is very quick to denounce and backstabber
whenever she is in my game, she is an annoying antagonist, very dramatic",1.07
which_ai_leaders_do_you_like_and_hate,Lars0,3,Am I the only one who plays with random personalities? I find it makes the game more enjoyable.,1.07
which_ai_leaders_do_you_like_and_hate,MathOnNapkins,1,I've tried it a few times but I find it just tends to nerf some of the stronger AIs and I'm just disappointed that they're not living up to their potential.,0.41
which_ai_leaders_do_you_like_and_hate,zk2020reborn,2,Theodora with Religious center and Jesuit education😭🙏🏻,0.83
which_ai_leaders_do_you_like_and_hate,treecfc,2,"I hate Dido, every game she’s backstabbing someone",0.83
which_ai_leaders_do_you_like_and_hate,Advanced_Compote_698,2,"Whoever spawns closest to me in games, tries to forward settle, they are clearly not on my love list.",0.83
which_ai_leaders_do_you_like_and_hate,KeyDrive0,2,"Immediately I thought of Hiawatha and Alexander as well. Alex is the worst bc he’s not *just* expansionist, he’ll send settlers around the world and pass over all kinds of prime real estate just to settle right next to you.

I also despise Venice, there Merchant is bullshit. It’s infuriating when I spend however long cultivating a neighboring CS ally, get complacent, and out of nowhere they’re purple and can’t be liberated. I’ve had games go awry bc I carefully geared up for war with somebody else only to spot a Merchant waltzing into my ally’s territory; had to declare war on Venice just to chase him away and put everything on hold.",0.83
which_ai_leaders_do_you_like_and_hate,LinuxAmbassador,2,"Shaka is my favorite! Everyone is dogging on Hiawatha for expansion but Shaka Zulu not only has the highest expansion stat in the game, he's the only leader to have a stat above 10 and it's for his expansion. He's also got the highest loyalty stat, tied for highest war stat, tied for highest denounce willingness, and has the lowest fear stat and lowest deceptive stat. Shaka Zulu is a very extreme warmonger but I love that bold, extreme, straightforward villain aura he gives off. If he's your problem he will be very straightforward about taking over your lands, and if you manage to befriend him you have an army and a friend for life.

Least favorite would have to be Gustavus Adolphus. As a playable civ I feel like Sweden is the absolute worst and as an AI opponent I don't think I've ever had a game where Gustavus did anything noteworthy 🤷. He usually over expands and gets clobbered by whatever neighbor is next to him.",0.83
which_ai_leaders_do_you_like_and_hate,OC_01301994,2,I started playing this week. I like Nobunaga because I won my first game with him via domination. I dislike Askia. AI declared war seemingly out of nowhere after I opened my borders to him.,0.83
which_ai_leaders_do_you_like_and_hate,MathOnNapkins,1,"If you give open borders it can let them see how undefended your cities are as well as let them get into better position, even if they get expelled when they declare on you. There is almost no reason to give open borders to AI players. Exceptions might be if you temporarily want them to spread their religion to you, or need to be influenced to reduce ideology unhappiness. Or for a joint planned war. But even then it's just really annoying having their units in your territory.",0.41
which_ai_leaders_do_you_like_and_hate,Medium-Perspective43,2,"Boudicca is also among my more hated civs, expansionist, agressive. Spams missionaries and for some reason makes it into all of my games",0.83
which_ai_leaders_do_you_like_and_hate,Sniyarki,2,Alexander and Siam are the biggest c*nts in the game.,0.83
which_ai_leaders_do_you_like_and_hate,Tricky_Rate7883,1,Shaka will become the most loyal person ever if you can do it. Getting him to become loyal is the hard part,0.41
which_ai_leaders_do_you_like_and_hate,Pixielized,1,if Montezuma walked past me on the street I would murder him and no cop would convict me,0.41
which_ai_leaders_do_you_like_and_hate,Traditional_Loan_177,1,"Me - Austria

Love - Sweden 

Hate - Venice",0.41
which_ai_leaders_do_you_like_and_hate,Cuavooo,1,"I really hate going up against Arabia. I have two straight games now that had them doing well. They always weasel into finding allies and denounce me to death. He forces his religion too which I always hate. As for the other, I always love Mongolia. Though it's only when they're obviously behind. They're staunch allies and are pretty loyal too",0.41
which_ai_leaders_do_you_like_and_hate,RedEyeBlueOcean,1,"On one game playing as the Incas, Arabia was going to beat me to a diplomatic victory but I luckily had enough gold to buy hydro plant, allowing me to beat him through a science victory by one turn. People rank Harun al-Rashid low as a threat but in my experience, Arabia is one of the top tier leaders that I distrust and are a huge threat. As for Mongolia, Genghis is a loyal friend but only if you aren’t neighbors. Once you and him become neighbors, he will stop befriending you and you’ll have to face a large war against him.",0.41
who_is_the_most_warmonger_civ_leader,firsttimegaren,118,I literally cant remember a game where Alexander the Great didnt declare war on me.,2.71
who_is_the_most_warmonger_civ_leader,rogozh1n,63,You took land he coveted on the first turn. It's your fault.,2.39
who_is_the_most_warmonger_civ_leader,Buddhas_butthole,19,How he doesn’t get in the list over Suleiman and  Bismarck is beyond me,1.8
who_is_the_most_warmonger_civ_leader,VeritableLeviathan,2,"Cause he isn't all that aggressive, his base personality just settles too many cities, takes diplomatic hold over some city states and snowballs 5/10 games he is in lol.

Then he sees someone weaker &gt;:)",0.69
who_is_the_most_warmonger_civ_leader,lad1dad1,3,"this is me with genghis khan, I remember one game we unfortunately settled close to each other and it was one of my first games so I let it be but he kept declaring war every what felt like 100 years until I finally completely put him out and have promised myself to always do this if he spawns in my games (to my detriment but I am a man of my word)",0.89
who_is_the_most_warmonger_civ_leader,hurricane1613286,2,"Fighting the mongle menace across the multiverse is a worthy cause. I thought I could trust gengis in starfield, freed him from prison, he immediately turned to piracy. Fuck genghis in any iteration of any game.",0.69
who_is_the_most_warmonger_civ_leader,KingHavana,1,"When I didn't see Alexander, I decided not to vote.",0.34
who_is_the_most_warmonger_civ_leader,Southern_Source_2580,51,I go out of my way to buddy up with shaka if he's my neighbor. One time shaka saved my butt when Alexander came for me. He may be a warmongerer but he's my homie.,2.29
who_is_the_most_warmonger_civ_leader,Jefrejtor,16,He might be bad guy. But he's not bad *guy*.,1.72
who_is_the_most_warmonger_civ_leader,sesaman,5,"Hah, I'm completely the opposite. I try to crush Shaka asap if he's my neighbor, before he has a chance to get to those impis.",1.14
who_is_the_most_warmonger_civ_leader,_Ungespuelt_,4,"Out of interest: is Shaka a loyal AI or not? Because someone like Alexander will just backstab you at any moment, so I don't even bother befriending him.",1.03
who_is_the_most_warmonger_civ_leader,Southern_Source_2580,8,I think someone mentioned that shaka has THE highest loyalty stat in the game. So no wonder my efforts have never been in vain with him lol.,1.37
who_is_the_most_warmonger_civ_leader,Rico_Rebelde,6,He does. He has extremely high aggression but also high loyalty and low deceptiveness. He is a very difficult AI to befriend because of how likely his AI is to bully smaller civilizations and he is hesitant to accept friendships. But if you somehow manage it he is basically guaranteed not to betray you,1.23
who_is_the_most_warmonger_civ_leader,Rico_Rebelde,4,"For reference Alexander has a Loyalty and Deceptiveness of 4. Slightly below average for both.

Shaka has a very high loyalty of 8 and a very low deceptiveness of 2",1.03
who_is_the_most_warmonger_civ_leader,Xaphe,1,Shaka is very loyal and makes for a great friend.  I have played games where even competing ideologies didn't dent our friendship.,0.34
who_is_the_most_warmonger_civ_leader,Forsaken_Mousse5271,28,"either atilla or shaka

both have similar if not the same propensities to war in the flavour scores but their personalities differ

&amp;#x200B;

on the one hand atilla hates everyone and cant be friends with anyone, war with him is always guaranteed if you are his neighbour no matter what you do pretty much

&amp;#x200B;

while on the other, shaka can actually be your friend in some circumstances and can be extremely loyal, in fact he is one of if not the most loyal ai in the game, he will never cross you as long as you don't cross him in the event that you manage to befriend him (not always possible if he unshakingly covets your land)

&amp;#x200B;

but despite this shaka is more dangerous bc if you *are* at war, atilla is a complete coward, he will fight you for a few turns then you can easily sue for peace after you kill some of his units, but shaka is like the t-1000 from the second terminator movie and will chase you to the ends of the earth, i've had wars with shaka that lasted multiple eras and completely wasted my game, while a war with atilla is usually only 15 or so turns tops",1.99
who_is_the_most_warmonger_civ_leader,poesviertwintig,9,"Having Shaka on the other side of the world is amazing if you're going for domination. You'll have at least one buddy to trade and join wars with. For a while, at least.",1.43
who_is_the_most_warmonger_civ_leader,ZhouDa,1,"Huh, I just play a game with Atilla as neighbor on a terra map where I must of fought a half dozen waves from Atilla while he demanded I hand over 2-3 cities to him for peace. Even taking a couple of cities from Atilla, he wouldn't give me better than even peace terms. Finally when I took his capital with his other neighbors conquering the rest of the empire Atilla finally broke and offered me two of his last three cities for peace.",0.34
who_is_the_most_warmonger_civ_leader,Forsaken_Mousse5271,3,"delete the citiies from the peace and ask anyway, he'll still give it",0.89
who_is_the_most_warmonger_civ_leader,EfficiencySlight8845,21,"When Shaka starts attacking you, he does not back off. He'll keep at it for a long time.",1.85
who_is_the_most_warmonger_civ_leader,rogozh1n,6,"That's a flaw in his programming. You can beat back his attack and kill all his units and pillage all his lands, but then ten turns later, he's declaring war again amd totally unprepared for it.",1.23
who_is_the_most_warmonger_civ_leader,EfficiencySlight8845,2,"The only thing that makes him back off is someone else declaring war on him, or moving units on his capitol.",0.69
who_is_the_most_warmonger_civ_leader,neon_trotsky_,1,"That's what I see most civs doing. I had captured the capital of the maya and she wanted to peace out so I was like, fine don't want to many grievances anyway. Then this idiot declared an emergency on me, it passed and we were back at it 2 turns later even tho half her army was toast. Suffice to say, she did not get her capital back.",0.34
who_is_the_most_warmonger_civ_leader,Droo04_C,2,Wrong civ forum. Civ V maya is Pacal,0.69
who_is_the_most_warmonger_civ_leader,neon_trotsky_,1,"Oops, I'll see myself out.",0.34
who_is_the_most_warmonger_civ_leader,Droo04_C,2,Ur good fam no worries,0.69
who_is_the_most_warmonger_civ_leader,Due_Leather1771,17,"In every game I've played with Shaka in it he has been my ally so I'm shocked that he's leading the poll 😂 honestly I've had good relations with every war mongering civ, it's always the culture civs like Sweden or France that try to go to war against me",1.75
who_is_the_most_warmonger_civ_leader,Humanmode17,10,Are you a warmonger too? Sounds like it lol,1.48
who_is_the_most_warmonger_civ_leader,Due_Leather1771,6,"Depends 😅 but sure I might conquer a city or two, maybe nuke a city once the inferior races start getting uppity again but I almost never ever ever declare war...... Unless another civ built a city on some prime real estate, i mean they were practically begging to be apart of my empire, all those untapped resources completely unprotected and so far away from the capital, what am I suppose to do??? Not manifest destiny!?! Crazy talk. And trust me I tried to be reasonable and offer a fair price for the land but noooooooooo, they can't be swayed by gems and gold, only through blood and steel! And what of my men who died in the conflict? Surely their lives are worth more than just one city, so to honor them properly the only right thing to do is take even more cities until the debt has been PAID IN FULL WITH THE BLOOD OF MY ENEMIES!!! .......... But yeah other than that I'm a pretty chill leader",1.23
who_is_the_most_warmonger_civ_leader,Jefrejtor,2,"My last game, Napoleon legit declared war on every single civ he was neighboured with (not all at once lol).",0.69
who_is_the_most_warmonger_civ_leader,Rofdo,15,"According to [https://civdata.com/](https://civdata.com/) Attila, Ashurbanipal, Montezuma, Shaka and Napoleon each have the highest ""war"" diplomacy bias of 8.

Edit: Shaka has the by far highest ""expansion"" bias out of all of the Ai with an incredible value of 11. (But I don't know if that affects his decision to go to war though)",1.68
who_is_the_most_warmonger_civ_leader,Life-Ad-6480,2,So this is why that scumbag declare war on me overseas no matter how defensive I was. He even sucks in battle lol,0.69
who_is_the_most_warmonger_civ_leader,Sambikes1,2,I have never not had montezuma declare war on me,0.69
who_is_the_most_warmonger_civ_leader,MeadKing,11,"Genghis Khan.



Genghis is such a warmonger, he can't help himself from gobbling up City States. This inevitably leads to his denouncement by the other AIs, eventually getting crushed by a coallition of leaders that will embargo his ass back to the stone ages. 



The other options here are extremely warlike, but Genghis is the only one who will consistently shoot himself in the foot by ruining all relationships over the capture of City States.",1.53
who_is_the_most_warmonger_civ_leader,sesaman,3,And there it is. The perfect answer.,0.89
who_is_the_most_warmonger_civ_leader,sesaman,5,"Gandhi dies or is crushed so bad he's never going to become a threat before ever reaching the renaissance era since he's such a push over. Literally the least threatening civ that never gets to drop nukes.

The joke would be funny if there was even the slightest chance of that happening, but since there isn't, it just falls flat.

Edit: 3387 hours in Civ V and never seen Gandhi drop a nuke.",1.14
who_is_the_most_warmonger_civ_leader,amenoniwa,5,"Shaka is warmonger but too warmonger not to be bribed by player to attack another AI.  Suleiman and Nobunaga can’t be bribed too easily, like forward settling.  So I voted for Suleiman.",1.14
who_is_the_most_warmonger_civ_leader,Rico_Rebelde,2,Yup. A huge thing most people dont realize is that it is very easy and cheap to bribe warmonger AIs to go to war. Especially on higher difficulties it actually becomes easier because the AI's inhibitions are lowered not just towards the player but towards each other. Its why deity games often turn into bloodbaths/world wars,0.69
who_is_the_most_warmonger_civ_leader,WC-BucsFan,4,Napoleon. Dude attacks me every time.,1.03
who_is_the_most_warmonger_civ_leader,Prithvishivprasad,2,"I think he should be rechristened as dickpolean.

He's number two after Shaka in terms of being a warmonger.",0.69
who_is_the_most_warmonger_civ_leader,CillaCD,3,"I remember I once saw a chart with the traits of the different leaders. 

Shaka scored really high in loyalty (less likely to backstab). So the next time I was on a map with him, I tried befriending him asap. He didn't attack me before we picked different ideologi.

Atilla is the worst. He will declare war even if you have a declaration of friendship.",0.89
who_is_the_most_warmonger_civ_leader,Vhal14,3,"Among these people the least warmongering would be Suleiman and Bismarck based on my experience. Genghis will always want to conquer city states. Nobunaga is mild warmonger. Attila, not much experience fighting him but he's almost always on war. Shaka would be my bet to be most warmongering. He's always at war with somebody when he got his Impi carpet. Where's Montezuma tho? He's on par with Shaka on warmongering for me.",0.89
who_is_the_most_warmonger_civ_leader,[deleted],3,Is Attila in Brave New world? I haven't met him although I have 3000+ hours of gameplay.,0.89
who_is_the_most_warmonger_civ_leader,Rossticles,3,"Honorable mention goes to Monty.

Ramkhamhaeng can also be quite testy.",0.89
who_is_the_most_warmonger_civ_leader,g0tmelk,3,where's elizabeth. she always wants war,0.89
who_is_the_most_warmonger_civ_leader,burekstein,4,"For the meme: Ghandi
In reality: Askia. Doesn't matter how many trade routes we have. Doesn't matter we have a perfect history. If I have a smaller military, (I usually run Venice, so, kind of my fault), then it's inevitable",1.03
who_is_the_most_warmonger_civ_leader,Coralfighter,2,that would be me he he,0.69
who_is_the_most_warmonger_civ_leader,Life-Ad-6480,2,Edit: I forgot to add Montezuma on the list but I am pretty sure he would be at 3rd or 2nd place 😅,0.69
who_is_the_most_warmonger_civ_leader,SerenityPrim3,4,You forgot to add Ghandi,1.03
who_is_the_most_warmonger_civ_leader,Life-Ad-6480,3,"You’re right, my friend.",0.89
who_is_the_most_warmonger_civ_leader,Jayken,2,"Shaka is hit or miss. Best friend or externally at war. Attila can be an absolute monster in the early game. By late game though, he's kind of a joke.",0.69
who_is_the_most_warmonger_civ_leader,Boulderfrog1,2,Blud where's alexander,0.69
who_is_the_most_warmonger_civ_leader,mrtiptonic,2,"What’s funny is right now as I voted, I’m playing as Genghis Khan and chose Autocracy and yet I have the highest happiness in my current game 🤣🤣",0.69
who_is_the_most_warmonger_civ_leader,NinjaFrozr,2,I think when you have a really weak army there isn't a single civ in the game that won't backstab you even if you were allies. They may have high loyalty stats but as soon as they realize they can wipe you off the map in 8 turns they will backstab.,0.69
who_is_the_most_warmonger_civ_leader,Wadero,2,"Just started an emperor level with Korea. Shaka was half a continent away so I tried to befriend him; I started a trade route, swapped embassies and luxuries. When I saw his line of units moving in my direction, I bribed him into attacking Poland. He took their capital and immediately declared war on me.

I was planning on this so rushed composites and have taken most of his cities and liberated Poland. The worst part is Harold Bluetooth to my south is calling me a warmonger and denounced me and Poland is still neutral. Come on dummies, I saved us all. Be nice and let me get back to my research.",0.69
who_is_the_most_warmonger_civ_leader,moreckm8293,1,Why is Ghandi not on the list? Definitely the biggest war monger,0.34
who_is_the_most_warmonger_civ_leader,themolestedsliver,1,"Still remember a game where I was Bismark I think and Shaka **kept** declaring war on me.

I'd beat him back but a few turns later he'd send another full army towards me. We'd declare peace and then *literally* after it ends he mobilizes his entire army to take one of my new cities.

I get fed up and send my whole army on his ass and take his capital.

He doesn't admit defeat so I conquer all his cities and now I'm the war monger......

The AI ""logic"" in regards to who the aggressor is makes not enjoy the game sometimes.",0.34
who_is_the_most_warmonger_civ_leader,Xaphe,1,I'm going with Atill because he tends to always go after the City States and then carries on with the major Civs as a result.,0.34
who_is_the_most_warmonger_civ_leader,Definitely-JT,1,I know this is from Left field but I have had a lot of run ins with Caesar 🙃,0.34
civfanatics_favorite_hated,civfan_user_0,1,"What are your favorite or most hated AI personalities? Not asking here about overall civilization or their UA, just AI personalities and how they appear\act in the games. Mine would be: Favorites: Boudica - dunno, I kinda like her, even when we are in love-hate relationship. I like her animation, when she starts dancing around like drunken duck with her sword. Suleiman - altho Ottomans never seem to do anything useful in the games, I kinda like Suleiman. He always seems happy, even when declaring war on me. Attila - usually makes me jump when we first meet, because he's loud. Later on, he seem to be friendly, even when he dows me in the first 40 turns. Ashurbanipal - I don't remember I've ever been in a war with Assyria and he always seems to be friendly with me, even when most civs hate me. Wu Zetian - she seems to be neutral most of the time, and not care too much of outside politics. In most of my games, we are either good trading partners or allies, even when when we spawn next to each other. Shaka - even if he will most likely try to kill me, at least I know that he's honest about it. His diplomatic info is what it is, if he hates me, he hates me, if he likes me, he likes me. Most hated\disliked: Ramses II - very weird AI, grunt, usually guarded for no reason. Gets cranky if you build just a single wander, because he must build them all. Wonder if he collects Pokemons. Elizabeth - or ""The incredibly strange AI that stopped being annoying and became mixed up hostile punching bag!!?"" One of those AIs that I just want to punch real hard whenever I see her popping up from unexplored map. RamBamBam - Siam . I hate his ""I will attack anyone around me, but don't you dare attacking anyone, because I will tell mom"" attitude. Isabella - spams GP and missionaries, asks you to join up in war, denounces you the very next turn and turns from friendly into hostile. Then proceed to annoy you with little chats how your military is a joke, until you go visit her and wipe her out from the face of the planet just for kicks. Gets pushed around by pretty much every civ. She's like annoying little sister - won't go away, won't shut up. Kamehame ... the guy with funny hat. - Polynesia - I just like to punch him. A lot. Every single game. No, I don't need your five cities right in the middle of my empire, because you've seen an empty spot. Haile Selassie - pretty much same opinion as with Siam. Likes to pick on others, go tells your mom when you pick on others. Pacal - Will try to grab every possible faith wonder, gets cranky and start denouncing when you get one. Spams you with GP and refuses to stop it. Declare war on him and take his capital, and he'll be quite for the entire game. Ahmad al-Mansur and William - no I don't need your cities three tiles away from my capital. Thank you very much. Oda - if he's right next to me, better prepare defenses, because he will drop two cities next to me, then declare war on me... then hate me for the rest of the game and attack whenever he can, unless I wipe him out. He seems to hate me even when we are on different part of the world (map). I want Tokugawa!",1.0
civfanatics_favorite_hated,civfan_user_1,1,Likes Boudicca William of Orange Dido Wu Zetian because she rarely shows up. Hates Pacal- Makes my computer lag Elizabeth- Very annoying wonder hog,1.0
civfanatics_favorite_hated,civfan_user_2,1,"Favourites: HARALD BLUETOOTH. The favourite among favourites. Reasonable, nice, but still loves to fight a good war. Can't find a single bad thing about him, and in BNW he started doing a little bit better, even kinda-running away several times. Pachacuti. Pretty much the same as Harald, but positive traits are all smaller, and he's a bit more treacherous. Still, a good friend to have. Askia. Mainly because I feel bad for the guy. He's nearly always the punching bag (except for one time where he became a mid-good civ - but then I kinda helped him, so it hardly counts) and can be incredibly annoying with his love for getting a second city half the map away from his capital just under yours and then forgetting to get any more of them. Catherine (G&K). She used to be such a great competition. Now she's constantly the punching bag for some reason, but it may be because for some reason desipte having random civs she started next to Mongols several times in a row for some reason. Even when after those games I played the Mongols, she was always nearby... What's the connection with Russia and Mongols? Still, a good enemy who's typically reasonable, and used to be a constant runaway. Bismarck. A relatively nice guy who likes to fight, and started running away in BNW. Neby. Such a joy to see this guy. Too bad he's not more competent. Monty. How can you dislike this guy? You'd need to be soulless. I still remember how in G&K he used to declare wars on me just a turn after we traded something, losing his stuff and then offering me a free luxury/gpt in peace deal. Disliked: Ramkhamhaeng. Annoying, loves to warmonger and hates you for doing the exact same thing even in ultra-small ammounts. ALWAYS reject his DoF's, because afterwards he'll decide to settle a city right in your face with no exceptions. Alexander. Unreasonable, annoying, loves to hate you for no reason, expands, usually the runaway. Hiawatha. SERIOUSLY, he's insane. Nuts. Expands in most useless places, can overwhelm most of the AI's early on. Elizabeth. She's always unreasonable, incompetent, annoying and does stuff just to piss you off. I still remember how she had only one city, and decided to send her army through ENTIRE CONTINENT to attack my capital. Of course she failed, but she's still... ERHH. Ez-bella. Always a failure, but never fails to be annoying. Also never shuts up. Polynesia - a guy who always meets others before you. Must be destroyed at all costs, this one, because he combines two annoying traits - rarely warmongering, BUT expanding madly in your direction.",1.0
civfanatics_favorite_hated,civfan_user_3,1,"Dislike: Alexander - I've never had good relations with this jerk, and he shows up in like half the maps I play. Loves to found and spread his own religion, which is annoying because I like to do the same. Also he's a city-state hog. And he's always a runaway unless he's had his wings clipped early. (He had the misfortune of starting right next to the Zulus in my current game, so he's his usual obnoxious self but he hasn't been able to expand passed 3 cities due to constant harassment from Shaka.) Basically every annoying trait you can possibly find in an AI leader all combined into one. Elizabeth - ""Always a failure, but never fails to be annoying."" Good way to put it. I guess England just isn't all that without Ireland, Scotland and Wales. (Plus she's a wonder-hog.) Hiawatha - JEEBUS, calm down buddy! There's enough map for everyone! Ramkhamhaeng - City-state hog par excellence . Sejong - UGH. My heart sinks whenever he's my opponent. He just techs soooo fast! It's impossible to keep up sometimes! Plus he likes to build cities. And when he's far enough ahead in tech he declares war and really puts the screws to you with units 1 or even 2 generations ahead of your own. (REALLY sucks when he gets an airforce before you do.) Ramesses - Can I build a wonder or two, please!? Like: Catherine - Usually pretty reasonable, good challenge, makes a powerful friend or foe. Gustavus - Let's be friends please! Augustus and Dido - Start next to either of them and you know they're going to invade. At least you can plan for it. Wu - I like her theme music, and she's usually quite reasonable. Nebby - Usually good to be friends with.",1.0
civfanatics_favorite_hated,civfan_user_4,1,Like: William - Usally he's pretty good friends with me. Gustavus - I always try to become friends with him and he is generally nice. Alexander - Most people hate him for his city state friendships. But I really don't have much problems with Alex he's in 2/3s of my games it seems but we usually always become friends early on and when he does become your friend he's a great ally to have very loyal for the entire game. And when I'm a smaller civ like Vencie I Usally make defensive pacts with him since he does not backstab people often it seems. Washington - very loyal friend to have unless you're trying to warmonger. Ahmad - Always friendly to me. Dislike Augustus Ceaser - Somtimes I have games with him where he is my best friend but often if he asks for friendship I will expect a backstab within the next few turns. Bismarck - He isn't in my games often but when he is.... He is the BIGGEST bully on the map I had games where he would just raze every city someone made  but leave their capitals fine. Hiawatha - Thanks for taking yet another useless ocean tile. He overwhelms civs and picks fights early Usally picks fights with people like Shaka though and leaves the other alone. Darius - Really hate this guy he will always make a big army and be the under the radar warmongering guy. Sejong - nothing at all to like about him when he's in your game. Pacotello - He always seems to want too stay neutral with me and never wants to progress a friendship. Really stubborn and takes a lot of land.,1.0
civfanatics_favorite_hated,civfan_user_5,1,"I'm really glad this thread got posted. FAVORITES Haile Salaisse - This guy is my blood brother.  In almost every single game I've played with him, Haile extends a warm hand of friendship to me from the very beginning and is a fiercely loyal ally throughout.  In one game, I allowed him to win a science victory rather than attacking him, because he had won me over so much throughout the game with his character.  He was the only civ that spawned next to me, yet befriended me and did not attack me once even though he had a more powerful military throughout.  I have never once seen him backstab anyone.  He treats you like he expects to be treated.   Great guy to sign a defensive pact or research agreement with.  A true gentleman and loyal friend. Gustavus Adolphus - Another great ally with a warm and friendly personality.  His is my favorite court to be in, with mighty and confident Gustavus standing before the fireplace and triumphant music playing in the background.  He is extremely reasonable.  However, he will not be pushed around and will attack if disrespected.  And he puts up a damn good fight.  I have a healthy admiration for him and we are generally allies even when we spawn next to each other. Napoleon - I am shocked that I am putting him here in my favorites, but that is where he truly belongs.  Napoleon is the one guy I most hate to be neighbors with.  I know he's going to try to settle on me and invade me if given any opportunity.  And I know he is going to carry a big stick.  My heart sinks when I meet him on the map.  At the same time, he plays a vital role in the game.  If you allow your army to get too weak, he WILL invade you.  It's a certainty.  And you KNOW it's coming.  The good news is that he will invade your enemies too and he is easily bribed.  He is also pretty friendly before and after attacking you, and does not mind war mongering.  Napoleon is like the hyena of Civ 5 -- he culls the sick and weakly civs from the pack.  There are no smoke and mirrors with Napoleon.  He is not moody and passive-aggressive like some of the other leaders.  You know exactly what his game plan is, and it's up to you to outsmart him. Theodora - Her voice is very soothing and seductive.  She is usually friendly and willing to deal, unless there is some obvious reason why your interests are opposed.  Does not spam settlers.  Rarely invades you.  Can be moody and backstab occasionally, but overall has a generally easy going and refreshing personality. Bismark - Always seems reasonable.  He's never DoWed me and his forward settling is mild.  In my most recent game, he was the most friendly civ even though we were fairly close to each other and were the dominant powers in the game.  Does not get pissed off for no reason.  I like his voice and character. Gandhi - He has all the characteristics I like in an opponent: very passive, generally friendly, and does not over settle.  However, I have very little respect for him.  I know I can build up my economy and then conquer him whenever I want.  And I know he will never invade me unless I am in REALLY bad shape.  He's a pushover.  No respect, but I enjoy having him in the game. Pocatello - What's not to love?  Very passive and deals with youv straight up.  You treat him right, and he'll treat you right. LOVE/HATE Suileiman - I have a high level of respect for Suileman.  He has beaten me more times than any other civ.  He is definitely not one of my favorites because we are usually fierce adversaries.  However, I don't hate him because he doesn't pull that passive-agressive crap that other civs do.  He's not going to settle on you or convert your cities.  But he will use every military and diplomatic option he has to destroy you.  He will be friendly to you if he needs something from you, but if he doesn't he won't give you the time of day.  I am rarely confused about what he is doing.  His approach to winning is straight-forward and businesslike. Oda Nobunaga - Some games he is the best, nicest ally you'll ever meet.  Other games he is the most pathetic, guarded whiner on the whole board.  I am annoyed by his voice in general, but especially when he is angry or guarded.  I should probably put him in the hated section, but those few games of unbroken fidelity keep me from hating him. Catherine - I like Catherine.  She would be in the like list except for a few traits I despise.  First of all, I find her voice/image attractive and enjoy visiting her magnificent palace.  She is friendly to me from the beginning a lot, which I like.  However, it seems like she becomes pissed off easily and that our relationship fades over time.  We usually end up as enemies.  Then she has that trait where she will never make peace with you unless you give her all your gold or have a strong army.  Also spams settlers a little too much for my tastes.  But I do like the fact that she rarely tries to invade you and usually starts out friendly. Ghengis Khan - I don't mind Ghengis.  Usually not technologically advanced enough to pose much of a threat and always willing to be bribed.  Can be a pest sometimes though. Augustus Ceasar - Another leader I have a mixed relationship with.  More often than not, our interests are opposed but he is someone who I can get along with under the right conditions. HATED Darius - There is no one in the game I am more weary of than Darius.  He is constantly scheming.  Everything he does has a purpose and a plan.  And he usually has the technological and economic prowess to really hurt you when he makes his move.  Even when we have made a DoF, I am still guarding my borders from him.  Do not trust him whatsoever.  He is as cunning as he is ruthless. Boudicca - That's right, Boudicca.  I hate you.  There is no one more two-faced than Boudicca and I can't stand it.  She constantly tries to convert my cities and plots against me at every opportunity.  And talk about a wonder hog!  In BNW, she will grab ALL of the cultural wonders if you let her.  I never can tell what she is thinking by our interactions.  The very opposite of being trustworthy.  Just generally in a bad mood too. Maria Teresa - The ultimate example of passive-agressive.  Will be your best friend one turn, and your worst enemy the next.  Constantly coming up with ways to annoy you besides declaring war.  Although occasionally she does that too (especially in Into The Renaissance scenario).  And did I mention she STEALS MY CITY STATES? William - I have had so many games where he has been a complete douche.  Can't stand the voice.  He constantly declares war on you when you least expect it.  Then when you make peace with him he denounces the hell out of you.  But the most annoying of all traits is his city spamming.  I hate city spamming! Elizabeth and Isabella - Speaking of denouncements and city spamming. Alexander the Great - Most annoying voice in the game.  Also one of the civs that DoW you early in the game while you're still trying to get things set up, which I hate.  City state hog. Ramsesses - Complete wonder hog, always in a rotten mood, and loves to nuke your cities.",1.0
civfanatics_favorite_hated,civfan_user_6,1,"Love Ashurbanipal (Assyria) - Can be intimidating especially with a huge army, yet someone I hate to hate. He was unfortunately the biggest warmonger (and the only aggressive AI) in my last game due to having China and Brazil as his neighbors, yet I can't seem to find hate for the guy. Maybe it's because he does respect you, at the very least. Or maybe it's his beard... Love/Hate Shaka (The Zulu) - I hate how he gloats around when you're hostile to one another and that I have to work up my defenses when I find he's my neighbor. However, he's also extremely easy to manipulate oh so very much. He also has a glaring weakness which I love to exploit: he sends almost all his troops to the front lines but leaves his cities defenseless, making it easy for backdoor invasions. Makes warmongering a bit of a joke. Hate Alejandro (Alexander, Greece) - Yes, I mock and hate him in every single time I meet him. I don't mind the denouncement or DOW. What I really hate is that he always tries to take over my most crucial CS allies, to the point that unless I've cared for them since the beginning of the game, it will be very difficult to take them back.",1.0
civfanatics_favorite_hated,civfan_user_7,1,"Like: Cassimir (Poland) - I declared war on this guy in several games, even took his cities and some in a peace deal yet after maybe 15 turns asks me for a declaration of friendship. Now that's the most forgiving AI I know. Pedro II (Brazil) -Overall nice guy easy to deal with. DoF are almost guaranteed if this guy is around. Boudicca (The Celts) -Reasonable and Friendly. Doesn't expand that much and would declare war on warmongers so I don't have to deal with them. She has almost always been my besties against warmongers like Shaka, Montezuma and Oda. Likes and Hates at the same time Ahmad Al Mansur (Morroco) - Easy to befriend but always like to steal your wonders. I can't do anything since he's supposed to be my friend, and he is always an easy target by my enemies. I only befriend him for buffer against runaways but his wonderspamming gets on my nerves. Pacal (The Maya) - Same reason as above. Suleiman (Ottomans) - VERY easy to befriend but he always likes to settle near my cities. Hates with a burning passion Ramesses (Egypt) - Always irritable and wonderspams. Unlike Pacal and Ahmad he isn't friendly at all. Montezuma (The Aztecs) - Irritating and he always like to insult me. He is always arrogant when demanding from my protected city states. Hiawatha (Iroquis) - Cities, Cities everywhere. Cities as far as the eye can see.",1.0
civfanatics_favorite_hated,civfan_user_8,1,"Likes: Ahmad Al-Mansur - Is always a bro even in times of crisis. Let us make money together for great profits! War? Bad for business! Enrico Dandolo - Despite his less than ahem stellar history, he is a pretty nice old man in the game. Always asking me to participate in one of those Venetian Get Rich schemes. Once again, money makes the world go round! Dislike: Elizabeth: Turn 1: Hi! Lets be BFFs )) Turn 2: You are a scourge of humanity and you disgust me! Oh btw...would you like a trade agreement with England? Don't trust Lizzy...like ever. Alex: Mr. denounce from 100 tiles away. Arghs",1.0
civfanatics_favorite_hated,civfan_user_9,1,"Like: Isabella, for some reason has been the most consistent ally and trading partner in my games, a lot probably has to do with her annoying the other AIs and rarely being in the top third of the AIs in my games. Genghis, this is probably due to me taking Autocracy so often, even if I go to war with him early by the late game I can count on him to be a war partner, his city state eating can get annoying at times but a lot of times they are eating the CSs that a CS mongering Civ is allied with so its a generally a net positive. Theodora, always a very docile Civ in my games, she doesn't spam cities too much, not overly aggressive with city states, and I don't focus on religion that much so I don't get too worked up if she gets her religion and gets aggressive with it. Am entertained by but dislike: Boudicca, she is fun to watch rant and babble, but the issue is she can be in a ideal spot to be a ally, I can do everything possible to maintain positive diplomatic relations but she will always flip and DoW on me at some point. Respect: Augustus, he doesn't annoy me as much as always challenge me in the late game, if he spawns far away from my borders I am almost assured to have to invade him to prevent his tech victory, this normally involves a naval invasion followed by a long battle through at least two well developed cities before you even reach the capital, and I am almost guaranteed to have a few nukes dropped on my forces as I drive inland. Hate: Alexander, so cocky even when he is not being a dick I still want to hate him, the biggest CS hog in the game and somehow manages some of the better core cities in most games I play, I hate him and his little pony... Hiawatha, oh look its the Iroqouis Empire the hornets nest of cities being built close together and lurching towards my borders...  he is the reason the Huns are a attractive Civ at times because dismantling Hiawatha can take a long time even if he isn't a runaway. Kamehameha, Hiawatha's mentally challenged brother, where the Iroqouis are effective in their city spam, the Polynesians find the tiny sliver of tiles on your coast to settle that you have absolutely no interest in having a city in and will do it repeatedly even if you have burnt them down earlier in the game, the only upside is he rarely is a runaway or even makes it out of the bottom third of Civs in a game he is just a pain in the butt for the entire game.",1.0
civfanatics_favorite_hated,civfan_user_10,1,Catherine is a worthy opponent. Sejong will travel halfway around the world to settle his second city next to your capitol.,1.0
civfanatics_favorite_hated,civfan_user_11,1,"Guys like Hiawatha, Alexander, and Catherine make me smile, put up my dukes and say ""challenge accepted"". On the other hand, you've got AI's like Elizabeth and Isabella that never really manage to be a genuine threat but manage to be a thorn in your side in other ways, primarily just by talking so much and making the AI turn take more time.",1.0
civfanatics_favorite_hated,civfan_user_12,1,"dislike Kamameha, An annoying lout, always in last place, everyone in the world loves him and has to tell you about it, ninja begger. He's like the guy at the party who never brings the beer.",1.0
civfanatics_favorite_hated,civfan_user_13,1,"Likes: Harun Al-Rashid: Almost always a good friend, although his city spam can get a bit out of hand in the lategame. Gustavus, Theodora, William: The G&K civs that are easier to befriend, they like to play a bit taller and tend to peacefully build wonders which makes them good neighbors. Genghis Khan: I never have trouble with him, too bad the rest of the world always hates him for attacking city-states which usually means he doesn't last very long. Dislikes: Augustus: I just get him so often my games and hes always impossible to get along with. I also can't stand his music and civ colors. Haile Selassie: Impossible to have a religion near him. Other religion based civs sometimes forget about it entirely but the stele guarantees that Haile will get one and be extremely obnoxious about spreading it around. Attila: He's another one that I seem to get in my games all the time and probably the most annoying/dangerous in the early game. Monty and Shaka at least have some endearing qualities about them, Attila is just obnoxious.",1.0
civfanatics_favorite_hated,civfan_user_14,1,"Like: William: Other than the 5% of the time that he goes nuts and decides he should have Montezuma's personality during the first 50 turns, the other 95% he is a bro among bros.  Doubly so because he's one AI I never have to take the Research Agreements to, because he'll bring them to me the turn they're available. Theodora: Is always willing to be allies with the player seemingly every game, and doesn't even get too nuts (compared to other religious civs at least) when you have/spread a religion near her. Montezuma: Say what you will about the guy, but he's consistent, and putting on a show every time you see him. Love/Hate: Genghis: Dear Temujin, I appreciate that you always at least try to be friendly, but I'd really like to occasionally have a CS ally without you deciding to bully them as often as possible, if not outright kill them. Love and kisses, me. Bismark: Easily the most reasonable of the ""warmongers"", and I haven't seen him hold a grudge often, but dear gods, does his Chronic Backstabbing Syndrome tend to flare up so often. Catherine: Also fairly reasonable, if not outright pleasant to play alongside... until you get past the first 100 turns.  Once her drive to spam 20 cities out with accompaniment from 3-4 dozen horse units sets in however, her personality can't make up for the nuisance she can become. Hate Ghandi: The absolute most fickle personality in the game.  No matter what you are doing, you WILL be denounced and harassed throughout the game. Hiawatha: See the comment about why Cathy gets some hate to go with the love, only replace ""goes crazy and spammy after turn 100"" with ""goes crazy and spammy after turn 2."" Haile Selassie: He probably wouldn't be so bad if I wanted to play a game where I never got a religion. Or never built wonders. Or never tried to ally CSes. Actually, he probably still would be.",1.0
civfanatics_favorite_hated,civfan_user_15,1,"The only AIs I really hate are the warmongers who also hate warmongers, like Rammy and Haile Selassie. I like the honest warmongers like Montezuma or Shaka because you know they're gonna attack and you can prepare for it and they won't hold grudges after you wipe out their forces. I don't like Rammy doing a suprise atttack with nasephants and then denouncing me after he loses. Very expansionist AIs can be also really annoying now that the warmonger penalties are as harsh as they are. Pachacuti has really annoying forward-settling + ""you're expanding too close to us"" routine.",1.0
civfanatics_favorite_hated,civfan_user_16,1,Shock II gives more power but the unit will die in an arrow-shower Better to play it safe and take Drill and Cover,1.0
civfanatics_favorite_hated,civfan_user_17,1,"Cpt Oblivious said: Like: William: Other than the 5% of the time that he goes nuts and decides he should have Montezuma's personality during the first 50 turns, the other 95% he is a bro among bros.  Doubly so because he's one AI I never have to take the Research Agreements to, because he'll bring them to me the turn they're available. Theodora: Is always willing to be allies with the player seemingly every game, and doesn't even get too nuts (compared to other religious civs at least) when you have/spread a religion near her. Montezuma: Say what you will about the guy, but he's consistent, and putting on a show every time you see him. Click to expand... Speakin' about William ""amigoing""... Asks for DoF, turns Guarded on the same turn for no reason. then starts begging for luxuries and gold, ala Siam (""it's really going bad here, but I have allied every single CS on the map, have 200+ gpt on turn 100 and have 10 extra luxuries with 3000 gold in stash... but you know, I really need your only 15gpt, because I'm doing bad here. Oh, you don't mind I drop five cities here? You sure? "" ) Thea is good friend to have around. I've never seen her backstab. Too bad she's too passive and rarely does anything useful except being pushed around, but if you befriend her (which is easy to do) she'll supply you with constant RA and good trade deals. Montezuma... can't be pain, but it's good thing that he is very forgiving. You can have ten wars one after another and he'll still ask you to be friends after that. Cathy and August... are difficult. Cathy either wants to kill you or stays trusted friend until the end. August, depends on the game I guess. He's either very loyal or backstabs. The size of your army and how far you two are from each other seems to be the factor. If you're far away and he's busy with others, he will be loyal friend. and dunno, Nebuchadnezzar... I see that many like him here, but I never had pleasure. He's usually one of the most guarded AIs toward me (along with Egypt) and hard to make any progress with... and don't you dare build one wonder he wants. He'll denounce and denounce and denounce. Askia... backstabber, hates warmongers even when he's (unsuccessfully) trying to take over the world... and he's often suicidal, always picks up a fight with Attila, Shaka or Oda and gets obliterated. and I have to say, I kinda like Ghandi. If he's my neighbour, I know he will be good trade partner, will not expend beside 3-4 cities, and won't attack me whenever he can. His wonder hog can be bit too much tho, because he'll build every single one of cultural wonders due to his 50 pop cities.",1.0
civfanatics_favorite_hated,civfan_user_18,1,"njmfff said: Asks for DoF, turns Guarded on the same turn for no reason. Click to expand... Did you decline his DoF?",1.0
civfanatics_favorite_hated,civfan_user_19,1,"Nope, we were happy friends, even thou he remained guarded for a long time. It didn't help much that I build wonder he wanted, even thou he was a wonder hog in this game. Like every 10 turns, ""William built XXX wonder"" (he had salt\hills start)",1.0
civfanatics_favorite_hated,civfan_user_20,1,"I like her leader screen. She can be nasty at times, but Queen Dildo is a worthy ally if you get on her good side.",1.0
civfanatics_favorite_hated,civfan_user_21,1,"For a merchant, even honesty is a financial speculation.",1.0
civfanatics_most_annoying,civfan_user_0,1,"This might not be the first thread of its kind, but... Which AI do you find most annoying in general? For me it's a toss up between Alexander and Augustus, with Washington close on their heels for third place. Alexander acts like such a pissy brat, the lines Firaxis game him to say do not help, his spontaneous declarations of war and hyper-aggressive behavior make him the schoolyard bully of this game. Plus he kinda looks like Ken from the Barbie line. Augustus has backstabbed me so many times it puts Brutus to shame. First he declares war on me when I'm engaged against someone else (most likely Alexander) and when I finally manage to beat back his offensive he goes all ""Friendly"" and falls over himself offering Declarations of Friendship. The declaration is signed, and as soon as I get into another war he again attacks me on the other side of the map. I just cannot trust him with anything and I am forced to exterminate him despite my usually peaceful playstyle. A true master of reinterpreting supposed friendships. As for Washington, it's always the same story. I'm off picking cotton in my small peaceful empire and he shows up and states ""Your wanton aggression leaves me no choice..."" and then attacks me in an expansionist frenzy. Kinda like real life? (jk ) I also get really ticked off when any AI starts bringing a settler close to my empire, and I'm like ""Don't you it, you son of a..."" and then he plants a city in a craptastic location right in the middle of my empire. Again, I'm usually a peaceful guy, but I will wipe you out if you do that. Alright, your turn. (What AI or AI antics do you hate the most?)",1.0
civfanatics_most_annoying,civfan_user_1,1,"Bismark and Augustus.  they vex me more than the others.  plenty are irrational and random, but they seem to be in my games more than any other civ when the settings are random civs. i also play as babylon often, but when i dont and babylon is one of my opponents it's always a little off-putting.  he isnt pleasant to deal with either.",1.0
civfanatics_most_annoying,civfan_user_2,1,"I would say Alexander, Elisabeth and Gandhi. Occasionally Ramses too if I'm building wonders. As for Alexander, the reasons are listed up pretty well. He has never been friendly to me and he always tries to DOW as many civs as possible with little success. In most of my games he ends up being a citystate that owns 1-2 cities (definitely not Athens and Sparta) on some location full of desert or tundra since he gets wiped off by other AIs. He still keeps yelling his inslults to me from there though. He is too irritating to be forgotten but also too puny for me to bother to destroy him. Elisabeth is also somebody that I'm never able to please. Usually I don't meet her until quite late in the game and then she turns out to be hostile almost immediately. Unlike Alexander, she usually manages to build a quite succesful empire with a few puppeted cities. The reason for me to dislike Gandhi is his overly peaceful way of speaking. He is always mad at me since there are few games where I don't DOW any AI civs and keeps insulting me a lot despite of having only 1-3 cities himself. Usually I see him getting wiped out by the other civs as well but he always manages to build a group of cities to some forgotten place where nobody cares about him. Nobody except me, since I have to see his constant insults. Just like Alexander he would be of no use due to his puny performance even if he was friendly though, as he usually has no incomes to buy my luxuries. That's about it for me.. Ramses only annoys me if I build a lot of wonders and get him angry. By the way, he is also one of those that tends to get wiped off by the other AI civs. I wonder why it's always Greece, Germany, India, Egypt and Monoglia that always end up having very little amount of cities or even destroyed by the other AIs.",1.0
civfanatics_most_annoying,civfan_user_3,1,"Elisabeth and Alexander. Elisabeth can never be pleased and likes to backstab me. Alexander god, wish I could have a stable friendship with him for once. On high levels Deity/immortal I almost always try to bribe him into war or others into war with him. Alexander is so hyper aggresive it isnt funny.",1.0
civfanatics_most_annoying,civfan_user_4,1,"""The time for dawn has come, let us finish our work. Let us create those who are to feed and provide for us appear. Let man appear, let humanity exist on earth."" - The Popol Vuh",1.0
civfanatics_most_annoying,civfan_user_5,1,"Ghandi for being an ass and Ramkhamhaeng, I trusted him once...",1.0
civfanatics_most_annoying,civfan_user_6,1,"Whichever AI(s) are my closest neighbors in that game. Especially those that like to do the ""pretend friendship"" thing or ""desperation DOW"" thing.",1.0
civfanatics_most_annoying,civfan_user_7,1,"Civ III/ IV AI : I sure wish Jon would hurry up and complete his turn, he's been at it for over 1,200,000 milliseconds now. Civ V AI: Early National College and Academies are human cheats I wish they'd remove from the game. Civ BE AI: The human always landing first is a major human cheat!",1.0
civfanatics_most_annoying,civfan_user_8,1,"China. I hate her. She is such, a stuck up little brat who can't prove crap on the battlefield. After her, I'd say Monty, but he is quite enjoyable when he gets way over his ahead and says he's afraid of me.",1.0
civfanatics_most_annoying,civfan_user_9,1,"The Ottomans. I always get DoWed by them early on, even though they never actually do any damage. They're attempting to be opportunistic early on, but it never seems to work out for them.",1.0
civfanatics_most_annoying,civfan_user_10,1,CivFanatics on Facebook >>> /civfanatics CivFanatics on Twitter >>> @civfanatics,1.0
civfanatics_most_annoying,civfan_user_11,1,Washington Hey I am a person who hates warmongers but also conqueres a lot of cities or worse my hole continent Same with Siam You are a warmonger but siam dude you just killed the ottomans,1.0
civfanatics_most_annoying,civfan_user_12,1,"Ghandi because in one game I was friendly with him, returned his worker, and generally didn't do anything to tick him off, then he nuked the tar out of me in the name of victory! Ghandi has a low flavour for victory, but his flavour for nukes is so overwhelming that he, evidently, made an exception. I won that game, exactly one turn before losing my capital to him. Other civs might lead you on only to backstab you later, but Civ 5's Ghandi is the only guy with the patience to wait 6000 years before doing so. Ramses wins the silver because of his runaway AI tendency. I've played about 3 continents games, and in 2 of them he took over an entire continent of AIs. On the plus side, he only had about a hundred million happiness after doing so.",1.0
civfanatics_most_annoying,civfan_user_13,1,Try out the NiGHTS and VEM mods! War Academy (Tips) - F9 for demographics - Ctrl+R for resource view​,1.0
civfanatics_most_annoying,civfan_user_14,1,"I think every AI is more detestable than the others : insults, denounces, declarations of war, over expanding (inside your territory included...)... every bit of AI is detestable and deserves to be killed. The disappointing thing being that they do not suffer the death they deserve : we should definitely be able to ""finish them"" by pushing a button, influencing our reputation and some other AIs behaviors. In the state, there is too little satisfaction to kill AIs compared to the constant annoyance and offense that they all are. On the same note, I really insist on the fact to be able to establish a reputation through time : if you keep your promises (""you will pay for this""), enemies would fear you if you threat them. Also, I'm nothing that the Civ1/2 problem of ""this AI settles in my territory"" is back, whether there are borders. Probably due to the absence of distance from capital hit, and to the fact that cities are more spaced and less regularly dispatched. A good proof that borders are useless.",1.0
civfanatics_most_annoying,civfan_user_15,1,"Civilization 8, later or other project idea thread : https://forums.civfanatics.com/threads/civilization-viii-later-or-other-project.649104/",1.0
civfanatics_most_annoying,civfan_user_16,1,"Perhaps the defeated leaders should suffer the same fate as those in SMAC, LOL",1.0
civfanatics_most_annoying,civfan_user_17,1,"They all sometimes act the same, but Elizabeth and Bismarck hate me the most.",1.0
civfanatics_most_annoying,civfan_user_18,1,Babylon annoys me the most because of his walls of Babylon.  They make it so much harder to take him out early on.,1.0
civfanatics_most_annoying,civfan_user_19,1,"Two there should be; no more, no less.  One to embody the power, the other to crave it. -Darth Bane",1.0
civfanatics_most_annoying,civfan_user_20,1,"Elizabeth. Basically never friendly, and always an annoyance to deal with. I also really dislike the Civs who buy out every single city state, particularly when it's too early on for me to be able to afford to compete. Then i have them and every nearby city state to deal with in war :/ Greece loves to do this, France too.",1.0
civfanatics_most_annoying,civfan_user_21,1,"ense7en said: Elizabeth. Basically never friendly, and always an annoyance to deal with. I also really dislike the Civs who buy out every single city state, particularly when it's too early on for me to be able to afford to compete. Then i have them and every nearby city state to deal with in war :/ Greece loves to do this, France too. Click to expand... Yeah or a city state sydney  wich I am allied with from the beginning the game and then suddenly in the renaissance catherine spend some gold on the city states and become the ally I steal it back because I was from me all allong in the game. Then SHe comes to me I see you're relationships with sydney And I am like dude you just stole it from me? Every AI that starts complaining about city state influence but steals mine can go to hell. Seriously these AI's are really hypocrites they don't want you do to bad things but they do themself",1.0
civfanatics_most_annoying,civfan_user_22,1,"Recently it's been Elizabeth, who has been building the Great Wall, and then using Longbows against me from three spaces away as I slog through her territory So last time I encountered her I rushed and wiped her out, just for the fun of it. Do I hold gudges?",1.0
civfanatics_most_annoying,civfan_user_23,1,"So, apart from the roads, the aqueduct, sanitation, irrigation, medicine, education, wine, public baths and public order — what have the Romans ever done for us? - Life of Brian",1.0
civfanatics_most_annoying,civfan_user_24,1,+1 culturemaniac Whoever builds the great wall. Especially China in the Korea scenario. One.square.at.a.tedious.time. Still it makes paratroopers useful.,1.0
civfanatics_most_annoying,civfan_user_25,1,"Civilization I,II,III,IV,V, VI: Built a game to stand the test of time.",1.0
civfanatics_most_annoying,civfan_user_26,1,"Freaking Hiawata, so many times where the idiot gets lucky and spawns on his own continent, forcing me to go for an overseas invasion, and because he always goes science without a really dumb focus (mostly meelee and siege in my experience) he's usually just behind me in army tech. Not to mention that he looks like a moron, not even a proper Indian chief, just some random scout with bad hair. Second definitely Cathy, queen of spam, wasted so much time cleaning up her 1 pop tundra hovels. At least she looks nice though, and the only one with some cleavage, interesting how they turned Izzy into a supermodel but did not bother with much sex appeal, might as well have gone for a historically accurate depiction then. Lizzy is just scary, that voice, that hair, ugh...",1.0
civfanatics_most_annoying,civfan_user_27,1,"The Ottomans annoy me the most. They DoW from across the continent for no reason, with no chance of victory. Half the time I never see any of their units, then they ask for everything I have.",1.0
civfanatics_strongest_ai,civfan_user_0,1,"Which AI's do you see tend to dominate your games and turn into snowballing menaces? I don't mean people who spawn beside you and threaten to annihilate you, but have little chance of actually winning the game as a whole (ie. Shaka, who tends to fall behind technologically after the medieval no matter how many people he kills... He also earns the ire of the world and subsequently gets gangbanged, leaving him with little actual opportunity to win games as an AI). I mean people who are a threat, start to finish, to your victory, not necessarily militarily but on an overall scale. For me, I've found that Alex, Darius, and Catherine are consistently the strongest and most snowbally AI civ leaders. Alex because he will have a dangerous army from start to finish, but he won't fall behind on science or policies either because of his UA and the AI's tendency to spam buy city states to support its city growth for science and culture. Not to mention he will always have a giant military, and he will always have oil for airplanes. A huge threat to diplomacy and domination victory, not to mention not a neighbour you want to spawn beside. Darius, despite not being a heavy warmonger and oft times going tradition, is ridiculously good at it. He will skyrocket ahead of the competition in production (AI gets more happiness AND golden ages), science, policies, and wonders, and become an extremely dangerous opponent whether or not you decide to go to war with him. He will pose a threat to both cultural and science victories (I've seen him go rationalism way too often) if not taken care of quickly. Catherine has massive production boosts, and the AI tends to use that production for more settlers, army, and wonders. Name it and you've got it. Not only that, but despite her city spamming tendencies she somehow keeps very strong on the science side, on top of oft times maintaining a considerable military presence. The UA does tend to fall off a bit during the late game, however, but a strong early game usually translates to a snowballing unbeatable position, which unless the Catherine AI decided to go piety, she will usually get. She is a threat to science and culture victory, and occasionally also a threat to domination. Runner up mentions for Atilla, Shaka, Dido, and the Khan. The problem with them is that they tend to fall off in the mid-late game and become irrelevant because they spent the entire early game focusing on military rather than infrastructure or science, and they themselves and very little chance of actually winning the game as a whole. Atilla, in particular, is infamous for this: It will destroy neighbouring AIs in the early game but burn their cities, making their conquests essentially fruitless in the long run. Eventually other people start settling where those cities were while Atilla keeps making armies, and Atilla quickly becomes irrelevant. A similar case for all of the above mentioned, except they tend to have just a bit more sustainability than Atilla. Never a neighbour you want around, and a danger to your civlization's survival for sure, but they're not necessarily good at ensuring their own survival or victory by any means.",1.0
civfanatics_strongest_ai,civfan_user_1,1,"AI can't possibly win Domination, even on deity, as you've noticed. Eventually if they conquer enough, they lag behind in science or get destroyed by the world. So this leaves us with other possible victory conditions. Any AI that choose rationalism especially on deity can possibly run away, if not given attention. Usually Cathy, Sejong are good candidate for that. They can either go culture or science and win. If culture civs such as Maria, Napoleon, Ramses, Pedro, Kamehameha gets going with rationalism, they can also get pretty far ahead if they beeline internet. And of course Alex, can win diplo if he really tries for it, which is rare, but happens.",1.0
civfanatics_strongest_ai,civfan_user_2,1,"alex, attila and for some reason america?  the first two i can understand, since attila can run away with the game if he conquers enough capitals, and alex is always allied with every city state and their mother america just magically comes out ahead nearly every game i see them for some reason",1.0
civfanatics_strongest_ai,civfan_user_3,1,"Egypt, their natural wonder mongering coupled with Tradition makes them a nice tall civ really frequently. Greece, Japan, Zulus as well",1.0
civfanatics_strongest_ai,civfan_user_4,1,"Shoshone is the most competent AI in my experience. Expansionism + rationalism = fast, powerful wins. Korea CAN be really good, but since the Piety patch, he's a shadow of his former self. He used to go Tradition, Patronage, Rationalism and win very effectively.",1.0
civfanatics_strongest_ai,civfan_user_5,1,"If you want to learn to play Civ 5 better, search for 'Rezoacken' on YouTube",1.0
civfanatics_strongest_ai,civfan_user_6,1,"yeah, Poca is one of the few AIs who does go Rationalism often",1.0
civfanatics_strongest_ai,civfan_user_7,1,"miaasma said: alex, attila and for some reason america?  the first two i can understand, since attila can run away with the game if he conquers enough capitals, and alex is always allied with every city state and their mother america just magically comes out ahead nearly every game i see them for some reason Click to expand... I often notice this. Extreme wonder whoring and always ahead in the tech race.",1.0
civfanatics_strongest_ai,civfan_user_8,1,Alexander is the strongest AI. And to prevent him from getting out of control I've reduced the amount of city-states. Ten by default is enough.,1.0
civfanatics_strongest_ai,civfan_user_9,1,"In my games, Alex, Cathy and Bismarck are perennial runaways. (Cathy is the AI I simultaneously dread and respect the most) Casimir, Pocatello and Suleiman are less frequently runaways, but they seem to always be at least relevant.",1.0
civfanatics_strongest_ai,civfan_user_10,1,"Germany, always settling everything, a 1 tile spot between your borders, you bet he's settling that, then he builds loads of units to protect all of his small cities, even the small ones starving on some island at one of the poles.",1.0
civfanatics_strongest_ai,civfan_user_11,1,"Popedesu said: Germany, always settling everything, a 1 tile spot between your borders, you bet he's settling that, then he builds loads of units to protect all of his small cities, even the small ones starving on some island at one of the poles. Click to expand... AI will never settle 1 tile spot between your borders, in fact they will never settle any cities on any tiles just outside borders.",1.0
civfanatics_strongest_ai,civfan_user_12,1,"I used to see plenty of runaways on civ3. Haven't seen them on civ4. I was always the runaway. Seen it happen once on civ5 and that was hiawatha during gods n kings. It was the only time I was truly scared. Except for one time where Caesar on Prince during vanilla civ5 somehow became a runaway and soared ahead on tech despite suffering tons of unhappiness from conquering so many cities in incredible short span of time. We're talking about WW2 Tanks infantry being thrown upon my german landsknechts and knights. I turtled so hard and managed to tech my way up to modern armor before going on the push. Caesar was coming at me like starving maniac with -33% combat effectiveness on all his units and wiping out civs left and right, and in my neighbor alone I was bordered by six civs and he killed them all. I managed to hold him off due to his unhappiness morale debuff + use of good geography's mountains and rivers with citadels shoring up the places where i'm strong/weak at. I even had atomic bombs thrown at me. On my citadels and forts and frontline cities. Endured it all and wiped him out in return. Oh word of caution: Score of the AI is completely bogus and doesn't accurately reflect their true strength. It overvalues their wonders and values their army very little. I've invaded alot of ""runaways"" who was ahead on score only to find out that they had little to none national army. I went on pillaging spree and became rich at their own expense.",1.0
civfanatics_strongest_ai,civfan_user_13,1,If you wanna know the map script I'm using..    (Its for Civ5.) It's Tectonics Map Script V.3 by a guy named Haftetavenscrap.. You can find him on steamworkshop on the steam.,1.0
civfanatics_strongest_ai,civfan_user_14,1,"Funny because my experiences have differed. Russia never threatens a victory condition in my games.  She usually has an early rise through the power rankings (but as we all know, high score doesn't equal a win, unless time runs out.)  Then she always seems to plateau. Babylon and Korea are the worst for me.  Whenever I see them in the game, I shift focus to ""which VC can I achieve before Neb/Sejong can build a spaceship "" As far as warmongerers, I've found Mongolia to be the only one who can consistently convert his conquests into a chance at a victory condition.  Alex also, but I don't consider him to be a true warmongerer.  He plays into the diplomacy game heavily, likes to denounce and harass, and will declare war when he has a substantial advantage, but it's seldom that I see a puppetted or annexed Greek city, especially compared to the true warmongerers - puppets or annexes under the banner of Mongolia, Zulu, Huns, or Assyria are much more common in my games. Others that I've found to really compete are Rome, Poland, Ethiopia, Siam, Arabia, and the Iroquois (though Hiawatha hasn't been doing as well as he used to, before some patches.) I don't know how Venice would fare in the games where he does a little better because I always take his capital when it becomes juicy enough.",1.0
civfanatics_strongest_ai,civfan_user_15,1,"Netherlands (uh wait a minute...) England (whoops, no...) Venic... (don't get me started.) Oh I know: ...NUCLEAR GHANDI!!!",1.0
civfanatics_strongest_ai,civfan_user_16,1,"oh i forgot to mention arabia.  it's rare i see them in a game not completely dominating the science game renaissance and beyond, even if they're less relevant early.  poland, iroquois and the zulu are also heavy hitters",1.0
civfanatics_strongest_ai,civfan_user_17,1,"miaasma said: poland, iroquois and the zulu are also heavy hitters Click to expand... Zulu are certainly the worst neighbor in the game, but have you seem them actually contest for a victory condition?  Threatening to wipe me out, sure, almost every game.  But as far as achieving either diplomatic, cultural, domination, or spaceship victory, I've never seen him come close.",1.0
civfanatics_strongest_ai,civfan_user_18,1,"ShakaKhan said: Zulu are certainly the worst neighbor in the game, but have you seem them actually contest for a victory condition?  Threatening to wipe me out, sure, almost every game.  But as far as achieving either diplomatic, cultural, domination, or spaceship victory, I've never seen him come close. Click to expand... No, not the Zulus. However, Theodora is coming to kick your face in... ...hail the Byzantine space victory! I mean, is there a more consistent runaway than Byzantium?  Particularly when she doesn't found a religion?",1.0
civfanatics_strongest_ai,civfan_user_19,1,"Sclb said: AI will never settle 1 tile spot between your borders, in fact they will never settle any cities on any tiles just outside borders. Click to expand... I may be exaggerating a lot a little bit.",1.0
civfanatics_strongest_ai,civfan_user_20,1,^^I had a game last night where Sweden forward settled a city two tiles away from my borders. He was trying to get the two salt that I was waiting for my second city to expand to (I had settled it a few turns earlier). Out of nowhere he appeared and settled. So I quickly bought all the tiles I could (especially the two salt). He then had the nerve to tell me not to do that.,1.0
civfanatics_strongest_ai,civfan_user_21,1,"docbud said: ^^I had a game last night where Sweden forward settled a city two tiles away from my borders. He was trying to get the two salt that I was waiting for my second city to expand to (I had settled it a few turns earlier). Out of nowhere he appeared and settled. So I quickly bought all the tiles I could (especially the two salt). He then had the nerve to tell me not to do that. Click to expand... Hate to play ""coulda, woulda, shoulda,"" but had you bought the salt tiles (and maybe one behind it) the turn before they settled, they would have changed their city site, maybe even moved to a different area of the map.  This is why I keep at least one unit activated in each group around my borders (i.e. the whole group is set to sleep or fortify except one unit) so that each turn the game will force me to choose an action for that unit and while I respond (skip turn), I'm prompted to observe the area, and make note anytime I see an incoming settler, prophet, or carpet.",1.0
